﻿"id","task_id","customer_id","employee_id","account_id","employee_dependent_id","shi_name","mei_name","shi_kana","mei_kana","sex","birthday","relationship","relationship_detail","zip","prefectures","address1","address2","address3","address1_kana","address2_kana","address3_kana","resident_address_kbn","resident_zip","resident_prefectures","resident_address1","resident_address2","resident_address3","resident_address1_kana","resident_address2_kana","resident_address3_kana","tel","mail_address","entering_company_date","is_foreigner","shi_name_emergency","mei_name_emergency","shi_kana_emergency","mei_kana_emergency","relation_emergency","tel_emergency","office_emergency","office_tel_emergency","basic_pension_no","select_occupation","student_grade","occupation","foreigner_division","foreign_nationality","roman_character_name","nationality","status_residence","period_stay_to","activity_out_qualification","shi_name_alias","mei_name_alias","shi_kana_alias","mei_kana_alias","municipality_mayor","head_shi_name","head_mei_name","head_relationship","labor_student_div","labor_student_answer","school_name","entering_school_date","kind_income","handicapped_div","kind_notebook","etc_notebook","issuance_date","disability_grade","spouse_div","widow_situation","living_together","overseas_separation","income","income_estimated_amount","other_income_amount","remittance_amount","insured_number_employ","other_income","other_income_shi_name","other_income_mei_name","other_income_relationship","other_income_living_together","other_income_zip","other_income_prefectures","other_income_address1","other_income_address2","other_income_address3","supports_spouse","is_share_same_livelihood","is_no_problem_income_amount","source_deduction_spouse","same_living_spouse_flg","tax_law_support","supports_div","has_dependents","memo","invalid","created_at","created_account_id","updated_at","updated_account_id"
1016709,13548,40751,10171467,652711,10171467,"てすと","10601","","",1,2000/01/01,0,"","564-0063","大阪府","吹田市江坂町","１丁目２３番地３８号","F&Mビル","スイタシエサカチョウ","１チョウメ２３バンチ３８ゴウ","エフアンドエムビル",1,"","","","","","","","","","makoto_hosotani@fandmnet.com",0000-00-00,0,"","","","","","","","","",,,,,"","","","",,0,"","","","","吹田","てすと","10601",0,0,0,"",,0,0,0,"",,0,1,,0,,11950000,10000000,0,,"",,"","",0,0,"","","","","",,,,,,0,,0,"",0,2020/07/31 12:37:18,652711,2020/07/31 12:38:14,652711
1016710,13548,40751,,,10171467,"配偶","10601","ハイグウ","アア",1,2000/01/01,1,,"","","","","","","","",,,,,,,,,,"",,,,,,,,,,,,"",,,"",0,"","",,,,,"","","","",,,,,,0,,,,0,0,"",,0,,,1,0,2016000,1330000,0,,,,"","",0,1,"","","","","",1,1,0,0,0,1,,,,0,2020/07/31 12:39:51,652711,2020/08/04 17:23:38,999202007
1016711,13549,40751,10171468,652712,10171468,"てすと","10602","","",1,2000/01/01,0,"","564-0063","大阪府","吹田市江坂町","１丁目２３番地３８号","F&Mビル","スイタシエサカチョウ","１チョウメ２３バンチ３８ゴウ","エフアンドエムビル",1,"","","","","","","","","","makoto_hosotani@fandmnet.com",0000-00-00,0,"","","","","","","","","",,,,,"","","","",,0,"","","","","吹田","てすと","10602",0,0,0,"",,0,0,0,"",,0,1,,0,,11950000,10000000,0,,"",,"","",0,0,"","","","","",,,,,,0,,0,"",0,2020/07/31 12:51:03,652712,2020/07/31 12:52:03,652712
1016712,13549,40751,,,10171468,"配偶","10602","ハイグウ","アア",1,2000/01/01,1,,"","","","","","","","",,,,,,,,,,"",,,,,,,,,,,,"",1,,"",0,"","",,,,,"","","","",,,,,,0,,,,0,0,"",,0,,,1,0,2016000,1330001,0,,,,"","",0,1,"","","","","",1,1,0,0,0,0,,,,0,2020/07/31 12:53:01,652712,2020/08/04 17:23:57,999202007
1016713,13550,40751,10171469,652713,10171469,"てすと","10603","","",1,2000/01/01,0,"","564-0063","大阪府","吹田市江坂町","１丁目２３番地３８号","F&Mビル","スイタシエサカチョウ","１チョウメ２３バンチ３８ゴウ","エフアンドエムビル",1,"","","","","","","","","","makoto_hosotani@fandmnet.com",0000-00-00,0,"","","","","","","","","",,,,,"","","","",,0,"","","","","吹田","てすと","10603",0,0,0,"",,0,0,0,"",,0,1,,0,,11950001,10000001,0,,"",,"","",0,0,"","","","","",,,,,,0,,0,"",0,2020/07/31 12:55:58,652713,2020/07/31 12:57:39,652713
1016714,13550,40751,,,10171469,"配偶","10603","ハイグウ","アア",1,2000/01/01,1,,"","","","","","","","",,,,,,,,,,"",,,,,,,,,,,,"",,,"",0,"","",,,,,"","","","",,,,,,0,,,,0,0,"",,0,,,1,0,2016000,1330000,0,,,,"","",0,1,"","","","","",1,1,0,0,0,0,,,,0,2020/07/31 12:58:50,652713,2020/08/04 17:23:57,999202007
1016715,13551,40751,10171470,652714,10171470,"てすと","10604","","",1,2000/01/01,0,"","564-0063","大阪府","吹田市江坂町","１丁目２３番地３８号","F&Mビル","スイタシエサカチョウ","１チョウメ２３バンチ３８ゴウ","エフアンドエムビル",1,"","","","","","","","","","makoto_hosotani@fandmnet.com",0000-00-00,0,"","","","","","","","","",,,,,"","","","",,0,"","","","","吹田","てすと","10604",0,0,0,"",,0,0,0,"",,0,1,,0,,11950000,10000000,0,,"",,"","",0,0,"","","","","",,,,,,0,,0,"",0,2020/07/31 13:01:48,652714,2020/07/31 13:02:19,652714
1016716,13551,40751,,,10171470,"配偶","10604","ハイグウ","アア",1,2000/01/01,1,,"","","","","","","","",,,,,,,,,,"",,,,,,,,,,,,"",,,"",0,"","",,,,,"","","","",,,,,,0,,,,0,0,"",,0,,,1,0,2016000,1330000,0,,,,"","",0,1,"","","","","",0,1,0,0,0,0,,,,0,2020/07/31 13:03:03,652714,2020/08/04 17:23:57,999202007
1016717,13552,40751,10171471,652715,10171471,"てすと","10605","","",1,2000/01/01,0,"","564-0063","大阪府","吹田市江坂町","１丁目２３番地３８号","F&Mビル","スイタシエサカチョウ","１チョウメ２３バンチ３８ゴウ","エフアンドエムビル",1,"","","","","","","","","","makoto_hosotani@fandmnet.com",0000-00-00,0,"","","","","","","","","",,,,,"","","","",,0,"","","","","吹田","てすと","10605",0,0,0,"",,0,0,0,"",,0,1,,0,,11950000,10000000,0,,"",,"","",0,0,"","","","","",,,,,,0,,0,"",0,2020/07/31 13:04:40,652715,2020/07/31 13:04:55,652715
1016718,13552,40751,,,10171471,"配偶","10605","ハイグウ","アア",1,2000/01/01,1,,"","","","","","","","",,,,,,,,,,"",,,,,,,,,,,,"",,,"",0,"","",,,,,"","","","",,,,,,0,,,,0,0,"",,0,,,1,0,2016000,1330000,0,,,,"","",0,1,"","","","","",1,0,0,0,0,0,,,,0,2020/07/31 13:06:57,652715,2020/08/04 17:23:57,999202007
1016719,13553,40751,10171472,652716,10171472,"てすと","10606","","",1,2000/01/01,0,"","564-0063","大阪府","吹田市江坂町","１丁目２３番地３８号","F&Mビル","スイタシエサカチョウ","１チョウメ２３バンチ３８ゴウ","エフアンドエムビル",1,"","","","","","","","","","makoto_hosotani@fandmnet.com",0000-00-00,0,"","","","","","","","","",,,,,"","","","",,0,"","","","","吹田","てすと","10606",0,0,0,"",,0,0,0,"",,0,1,,0,,,,0,,"",,"","",0,0,"","","","","",,,,,,0,,0,"",0,2020/07/31 13:07:49,652716,2020/07/31 13:08:34,652716
1016720,13553,40751,,,10171472,"配偶","10606","ハイグウ","アア",1,2000/01/01,1,,"","","","","","","","",,,,,,,,,,"",,,,,,,,,,,,"",,,"",0,"","",,,,,"","","","",,,,,,0,,,,0,0,"",,0,,,1,0,2016000,1330000,0,,,,"","",0,1,"","","","","",1,0,0,0,0,,,,,0,2020/07/31 13:11:32,652716,2020/08/04 17:23:27,999202007
1016721,13554,40751,10171473,652717,10171473,"てすと","10607","","",1,2000/01/01,0,"","564-0063","大阪府","吹田市江坂町","１丁目２３番地３８号","F&Mビル","スイタシエサカチョウ","１チョウメ２３バンチ３８ゴウ","エフアンドエムビル",1,"","","","","","","","","","makoto_hosotani@fandmnet.com",0000-00-00,0,"","","","","","","","","",,,,,"","","","",,0,"","","","","吹田","てすと","10607",0,0,0,"",,0,0,0,"",,0,1,,0,,11950000,10000000,0,,"",,"","",0,0,"","","","","",,,,,,0,,0,"",0,2020/07/31 13:13:20,652717,2020/07/31 13:13:37,652717
1016722,13554,40751,,,10171473,"配偶","10607","ハイグウ","アア",1,2000/01/01,1,,"","","","","","","","",,,,,,,,,,"",,,,,,,,,,,,"",,,"",0,"","",,,,,"","","","",,,,,,0,,,,0,0,"",,0,,,1,0,,,0,,,,"","",0,1,"","","","","",0,1,0,0,0,,,,,0,2020/07/31 13:14:18,652717,2020/08/04 17:23:27,999202007
1016723,13556,40751,10171475,652719,10171475,"てすと","10609","","",1,2000/01/01,0,"","564-0063","大阪府","吹田市江坂町","１丁目２３番地３８号","F&Mビル","スイタシエサカチョウ","１チョウメ２３バンチ３８ゴウ","エフアンドエムビル",1,"","","","","","","","","","makoto_hosotani@fandmnet.com",0000-00-00,0,"","","","","","","","","",,,,,"","","","",,0,"","","","","吹田","てすと","10609",0,0,0,"",,0,0,0,"",,0,1,,0,,11950000,10000000,0,,"",,"","",0,0,"","","","","",,,,,,0,,0,"",0,2020/07/31 13:16:10,652719,2020/07/31 13:16:32,652719
1016724,13556,40751,,,10171475,"配偶","10609","ハイグウ","アア",1,2000/01/01,1,,"","","","","","","","",,,,,,,,,,"",,,,,,,,,,,,"",,,"",0,"","",,,,,"","","","",,,,,,0,,,,0,0,"",,0,,,1,0,2016000,1330000,0,,,,"","",0,1,"","","","","",1,,0,0,0,,,,,0,2020/07/31 13:17:14,652719,2020/08/04 17:23:27,999202007
1016725,13555,40751,10171474,652718,10171474,"てすと","10608","","",1,2000/01/01,0,"","564-0063","大阪府","吹田市江坂町","１丁目２３番地３８号","F&Mビル","スイタシエサカチョウ","１チョウメ２３バンチ３８ゴウ","エフアンドエムビル",1,"","","","","","","","","","makoto_hosotani@fandmnet.com",0000-00-00,0,"","","","","","","","","",,,,,"","","","",,0,"","","","","吹田","てすと","10608",0,0,0,"",,0,0,0,"",,0,1,,0,,11950000,10000000,0,,"",,"","",0,0,"","","","","",,,,,,0,,0,"",0,2020/07/31 13:17:47,652718,2020/07/31 13:18:36,652718
1016726,13555,40751,,,10171474,"配偶","10608","ハイグウ","アア",1,2000/01/01,1,,"","","","","","","","",,,,,,,,,,"",,,,,,,,,,,,"",,,"",0,"","",,,,,"","","","",,,,,,0,,,,0,0,"",,0,,,1,0,2016000,1330000,0,,,,"","",0,1,"","","","","",,1,0,0,0,,,,,0,2020/07/31 13:19:16,652718,2020/08/04 17:23:27,999202007
1016727,13557,40751,10171476,652720,10171476,"てすと","10610","","",1,2000/01/01,0,"","564-0063","大阪府","吹田市江坂町","１丁目２３番地３８号","F&Mビル","スイタシエサカチョウ","１チョウメ２３バンチ３８ゴウ","エフアンドエムビル",1,"","","","","","","","","","makoto_hosotani@fandmnet.com",0000-00-00,0,"","","","","","","","","",,,,,"","","","",,0,"","","","","吹田","てすと","10610",0,0,0,"",,0,0,0,"",,0,1,,0,,11950000,10000000,0,,"",,"","",0,0,"","","","","",,,,,,0,,0,"",0,2020/07/31 13:30:55,652720,2020/07/31 13:31:23,652720
1016728,13557,40751,,,10171476,"配偶","10610","ハイグウ","アア",2,2000/01/01,2,,"","","","","","","","",,,,,,,,,,"",,,,,,,,,,,,"",,,"",0,"","",,,,,"","","","",,,,,,0,,,,0,0,"",,0,,,1,0,2016000,1330000,0,,,,"","",0,1,"","","","","",1,1,0,0,0,1,,,,0,2020/07/31 13:32:07,652720,2020/08/04 17:23:38,999202007
1016729,13558,40751,10171477,652721,10171477,"てすと","10611","","",1,2000/01/01,0,"","564-0063","大阪府","吹田市江坂町","１丁目２３番地３８号","F&Mビル","スイタシエサカチョウ","１チョウメ２３バンチ３８ゴウ","エフアンドエムビル",1,"","","","","","","","","","makoto_hosotani@fandmnet.com",0000-00-00,0,"","","","","","","","","",,,,,"","","","",,0,"","","","","吹田","てすと","10611",0,0,0,"",,0,0,0,"",,0,1,,0,,11950000,10000000,0,,"",,"","",0,0,"","","","","",,,,,,0,,0,"",0,2020/07/31 13:33:33,652721,2020/07/31 13:34:15,652721
1016730,13558,40751,,,10171477,"配偶","10611","ハイグウ","アア",2,2000/01/01,2,,"","","","","","","","",,,,,,,,,,"",,,,,,,,,,,,"",,,"",0,"","",,,,,"","","","",,,,,,0,,,,0,0,"",,0,,,1,0,2016000,1330001,0,,,,"","",0,1,"","","","","",1,1,0,0,0,0,,,,0,2020/07/31 13:34:55,652721,2020/08/04 17:23:57,999202007
1016734,13559,40751,10171478,652722,10171478,"てすと","10612","","",1,2000/01/01,0,"","564-0063","大阪府","吹田市江坂町","１丁目２３番地３８号","F&Mビル","スイタシエサカチョウ","１チョウメ２３バンチ３８ゴウ","エフアンドエムビル",1,"","","","","","","","","","makoto_hosotani@fandmnet.com",0000-00-00,0,"","","","","","","","","",,,,,"","","","",,0,"","","","","吹田","てすと","10612",0,0,0,"",,0,0,0,"",,0,1,,0,,11950001,10000001,0,,"",,"","",0,0,"","","","","",,,,,,0,,0,"",0,2020/07/31 13:38:40,652722,2020/07/31 13:38:54,652722
1016735,13559,40751,,,10171478,"配偶","10612","ハイグウ","アア",2,2000/01/01,2,,"","","","","","","","",,,,,,,,,,"",,,,,,,,,,,,"",,,"",0,"","",,,,,"","","","",,,,,,0,,,,0,0,"",,0,,,1,0,2016000,1330000,0,,,,"","",0,1,"","","","","",1,1,0,0,0,0,,,,0,2020/07/31 13:39:52,652722,2020/08/04 17:23:57,999202007
1016736,13560,40751,10171479,652723,10171479,"てすと","10613","","",1,2000/01/01,0,"","564-0063","大阪府","吹田市江坂町","１丁目２３番地３８号","F&Mビル","スイタシエサカチョウ","１チョウメ２３バンチ３８ゴウ","エフアンドエムビル",1,"","","","","","","","","","makoto_hosotani@fandmnet.com",0000-00-00,0,"","","","","","","","","",,,,,"","","","",,0,"","","","","吹田","てすと","10613",0,0,0,"",,0,0,0,"",,0,1,,0,,11950000,10000000,0,,"",,"","",0,0,"","","","","",,,,,,0,,0,"",0,2020/07/31 13:42:49,652723,2020/07/31 13:43:07,652723
1016737,13560,40751,,,10171479,"配偶","10613","ハイグウ","アア",2,2000/01/01,2,,"","","","","","","","",,,,,,,,,,"",,,,,,,,,,,,"",,,"",0,"","",,,,,"","","","",,,,,,0,,,,0,0,"",,0,,,1,0,2016000,1330000,0,,,,"","",0,1,"","","","","",0,1,0,0,0,0,,,,0,2020/07/31 13:43:52,652723,2020/08/04 17:23:57,999202007
1016738,13561,40751,10171480,652724,10171480,"てすと","10614","","",1,2000/01/01,0,"","564-0063","大阪府","吹田市江坂町","１丁目２３番地３８号","F&Mビル","スイタシエサカチョウ","１チョウメ２３バンチ３８ゴウ","エフアンドエムビル",1,"","","","","","","","","","makoto_hosotani@fandmnet.com",0000-00-00,0,"","","","","","","","","",,,,,"","","","",,0,"","","","","吹田","てすと","10614",0,0,0,"",,0,0,0,"",,0,1,,0,,11950000,10000000,0,,"",,"","",0,0,"","","","","",,,,,,0,,0,"",0,2020/07/31 13:47:00,652724,2020/07/31 13:47:23,652724
1016739,13561,40751,,,10171480,"配偶","10614","ハイグウ","アア",2,2000/01/01,2,,"","","","","","","","",,,,,,,,,,"",,,,,,,,,,,,"",,,"",0,"","",,,,,"","","","",,,,,,0,,,,0,0,"",,0,,,1,0,2016000,1330000,0,,,,"","",0,1,"","","","","",1,0,0,0,0,0,,,,0,2020/07/31 13:48:06,652724,2020/08/04 17:23:57,999202007
1016742,13562,40751,10171481,652725,10171481,"てすと","10615","","",1,2000/01/01,0,"","564-0063","大阪府","吹田市江坂町","１丁目２３番地３８号","F&Mビル","スイタシエサカチョウ","１チョウメ２３バンチ３８ゴウ","エフアンドエムビル",1,"","","","","","","","","","makoto_hosotani@fandmnet.com",0000-00-00,0,"","","","","","","","","",,,,,"","","","",,0,"","","","","吹田","てすと","10615",0,0,0,"",,0,0,0,"",,0,1,,0,,,,0,,"",,"","",0,0,"","","","","",,,,,,0,,0,"",0,2020/07/31 13:49:19,652725,2020/07/31 13:49:41,652725
1016743,13562,40751,,,10171481,"配偶","10615","ハイグウ","アア",2,2000/01/01,2,,"","","","","","","","",,,,,,,,,,"",,,,,,,,,,,,"",,,"",0,"","",,,,,"","","","",,,,,,0,,,,0,0,"",,0,,,1,0,2016000,1330000,0,,,,"","",0,1,"","","","","",1,0,0,0,0,,,,,0,2020/07/31 13:50:28,652725,2020/08/04 17:23:27,999202007
1016744,13563,40751,10171482,652726,10171482,"てすと","10616","","",1,2000/01/01,0,"","564-0063","大阪府","吹田市江坂町","１丁目２３番地３８号","F&Mビル","スイタシエサカチョウ","１チョウメ２３バンチ３８ゴウ","エフアンドエムビル",1,"","","","","","","","","","makoto_hosotani@fandmnet.com",0000-00-00,0,"","","","","","","","","",,,,,"","","","",,0,"","","","","吹田","てすと","10616",0,0,0,"",,0,0,0,"",,0,1,,0,,11950000,10000000,0,,"",,"","",0,0,"","","","","",,,,,,0,,0,"",0,2020/07/31 13:52:39,652726,2020/07/31 13:52:52,652726
1016745,13563,40751,,,10171482,"配偶","10616","ハイグウ","アア",2,2000/01/01,2,,"","","","","","","","",,,,,,,,,,"",,,,,,,,,,,,"",,,"",0,"","",,,,,"","","","",,,,,,0,,,,0,0,"",,0,,,1,0,,,0,,,,"","",0,1,"","","","","",0,1,0,0,0,,,,,0,2020/07/31 13:53:25,652726,2020/08/04 17:23:27,999202007
1016746,13564,40751,10171483,652727,10171483,"てすと","10617","","",1,2000/01/01,0,"","564-0063","大阪府","吹田市江坂町","１丁目２３番地３８号","F&Mビル","スイタシエサカチョウ","１チョウメ２３バンチ３８ゴウ","エフアンドエムビル",1,"","","","","","","","","","makoto_hosotani@fandmnet.com",0000-00-00,0,"","","","","","","","","",,,,,"","","","",,0,"","","","","吹田","てすと","10617",0,0,0,"",,0,0,0,"",,0,1,,0,,11950000,10000000,0,,"",,"","",0,0,"","","","","",,,,,,0,,0,"",0,2020/07/31 13:55:19,652727,2020/07/31 13:55:32,652727
1016747,13564,40751,,,10171483,"配偶","10617","ハイグウ","アア",2,2000/01/01,2,,"","","","","","","","",,,,,,,,,,"",,,,,,,,,,,,"",,,"",0,"","",,,,,"","","","",,,,,,0,,,,0,0,"",,0,,,1,0,2016000,1330000,0,,,,"","",0,1,"","","","","",,1,0,0,0,,,,,0,2020/07/31 13:56:10,652727,2020/08/04 17:23:27,999202007
1016748,13565,40751,10171484,652728,10171484,"てすと","10618","","",1,2000/01/01,0,"","564-0063","大阪府","吹田市江坂町","１丁目２３番地３８号","F&Mビル","スイタシエサカチョウ","１チョウメ２３バンチ３８ゴウ","エフアンドエムビル",1,"","","","","","","","","","makoto_hosotani@fandmnet.com",0000-00-00,0,"","","","","","","","","",,,,,"","","","",,0,"","","","","吹田","てすと","10618",0,0,0,"",,0,0,0,"",,0,1,,0,,11950000,10000000,0,,"",,"","",0,0,"","","","","",,,,,,0,,0,"",0,2020/07/31 14:03:40,652728,2020/07/31 14:04:04,652728
1016749,13565,40751,,,10171484,"配偶","10618","ハイグウ","アア",2,2000/01/01,2,,"","","","","","","","",,,,,,,,,,"",,,,,,,,,,,,"",,,"",0,"","",,,,,"","","","",,,,,,0,,,,0,0,"",,0,,,1,0,2016000,1330000,0,,,,"","",0,1,"","","","","",1,,0,0,0,,,,,0,2020/07/31 14:04:48,652728,2020/08/04 17:23:27,999202007
1016750,13568,40751,10171485,652729,10171485,"てすと","12601","","",1,2000/01/01,0,"","564-0063","大阪府","吹田市江坂町","１丁目２３番地３８号","F&Mビル","スイタシエサカチョウ","１チョウメ２３バンチ３８ゴウ","エフアンドエムビル",1,"","","","","","","","","","makoto_hosotani@fandmnet.com",0000-00-00,0,"","","","","","","","","",,,,,"","","","",,0,"","","","","吹田","てすと","12601",0,0,0,"",,0,0,0,"",,0,1,,0,,11950000,10000000,0,,"",,"","",0,0,"","","","","",,,,,,0,,0,"",0,2020/07/31 14:19:23,652729,2020/07/31 14:19:44,652729
1016751,13568,40751,,,10171485,"配偶","12601","ハイグウ","アア",1,2000/01/01,1,,"","","","","","","","",,,,,,,,,,"",,,,,,,,,,,,"",,,"",0,"","",,,,,"","","","",,,,,,0,,,,0,0,"",,0,,,1,0,2016000,1330000,0,,,,"","",0,1,"","","","","",1,1,0,0,0,1,,,,0,2020/07/31 14:20:24,652729,2020/08/04 17:23:38,999202007
1016752,13569,40751,10171486,652730,10171486,"てすと","12602","","",1,2000/01/01,0,"","564-0063","大阪府","吹田市江坂町","１丁目２３番地３８号","F&Mビル","スイタシエサカチョウ","１チョウメ２３バンチ３８ゴウ","エフアンドエムビル",1,"","","","","","","","","","makoto_hosotani@fandmnet.com",0000-00-00,0,"","","","","","","","","",,,,,"","","","",,0,"","","","","吹田","てすと","12602",0,0,0,"",,0,0,0,"",,0,1,,0,,11950000,10000000,0,,"",,"","",0,0,"","","","","",,,,,,0,,0,"",0,2020/07/31 14:22:04,652730,2020/07/31 14:22:20,652730
1016753,13569,40751,,,10171486,"配偶","12602","ハイグウ","アア",1,2000/01/01,1,,"","","","","","","","",,,,,,,,,,"",,,,,,,,,,,,"",,,"",0,"","",,,,,"","","","",,,,,,0,,,,0,0,"",,0,,,1,0,2016000,1330001,0,,,,"","",0,1,"","","","","",1,1,0,0,0,0,,,,0,2020/07/31 14:22:58,652730,2020/08/04 17:23:57,999202007
1016754,13570,40751,10171487,652731,10171487,"てすと","12603","","",1,2000/01/01,0,"","564-0063","大阪府","吹田市江坂町","１丁目２３番地３８号","F&Mビル","スイタシエサカチョウ","１チョウメ２３バンチ３８ゴウ","エフアンドエムビル",1,"","","","","","","","","","makoto_hosotani@fandmnet.com",0000-00-00,0,"","","","","","","","","",,,,,"","","","",,0,"","","","","吹田","てすと","12603",0,0,0,"",,0,0,0,"",,0,1,,0,,11950001,10000001,0,,"",,"","",0,0,"","","","","",,,,,,0,,0,"",0,2020/07/31 14:24:24,652731,2020/07/31 14:24:42,652731
1016755,13570,40751,,,10171487,"配偶","12603","ハイグウ","アア",1,2000/01/01,1,,"","","","","","","","",,,,,,,,,,"",,,,,,,,,,,,"",,,"",0,"","",,,,,"","","","",,,,,,0,,,,0,0,"",,0,,,1,0,2016000,1330000,0,,,,"","",0,1,"","","","","",1,1,0,0,0,0,,,,0,2020/07/31 14:25:16,652731,2020/08/04 17:23:57,999202007
1016756,13571,40751,10171488,652732,10171488,"てすと","12604","","",1,2000/01/01,0,"","564-0063","大阪府","吹田市江坂町","１丁目２３番地３８号","F&Mビル","スイタシエサカチョウ","１チョウメ２３バンチ３８ゴウ","エフアンドエムビル",1,"","","","","","","","","","makoto_hosotani@fandmnet.com",0000-00-00,0,"","","","","","","","","",,,,,"","","","",,0,"","","","","吹田","てすと","12604",0,0,0,"",,0,0,0,"",,0,1,,0,,11950000,10000000,0,,"",,"","",0,0,"","","","","",,,,,,0,,0,"",0,2020/07/31 14:27:06,652732,2020/07/31 14:27:22,652732
1016757,13571,40751,,,10171488,"配偶","12604","ハイグウ","アア",1,2000/01/01,1,,"","","","","","","","",,,,,,,,,,"",,,,,,,,,,,,"",,,"",0,"","",,,,,"","","","",,,,,,0,,,,0,0,"",,0,,,1,0,2016000,1330000,0,,,,"","",0,1,"","","","","",0,1,0,0,0,0,,,,0,2020/07/31 14:28:01,652732,2020/08/04 17:23:57,999202007
1016758,13572,40751,10171489,652733,10171489,"てすと","12605","","",1,2000/01/01,0,"","564-0063","大阪府","吹田市江坂町","１丁目２３番地３８号","F&Mビル","スイタシエサカチョウ","１チョウメ２３バンチ３８ゴウ","エフアンドエムビル",1,"","","","","","","","","","makoto_hosotani@fandmnet.com",0000-00-00,0,"","","","","","","","","",,,,,"","","","",,0,"","","","","吹田","てすと","12605",0,0,0,"",,0,0,0,"",,0,1,,0,,11950000,10000000,0,,"",,"","",0,0,"","","","","",,,,,,0,,0,"",0,2020/07/31 14:30:06,652733,2020/07/31 14:30:22,652733
1016760,13572,40751,,,10171489,"配偶","12605","ハイグウ","アア",1,2000/01/01,1,,"","","","","","","","",,,,,,,,,,"",,,,,,,,,,,,"",,,"",0,"","",,,,,"","","","",,,,,,0,,,,0,0,"",,0,,,1,0,2016000,1330000,0,,,,"","",0,1,"","","","","",1,0,0,0,0,0,,,,0,2020/07/31 14:31:01,652733,2020/08/04 17:23:57,999202007
1016761,13573,40751,10171490,652734,10171490,"てすと","12606","","",1,2000/01/01,0,"","564-0063","大阪府","吹田市江坂町","１丁目２３番地３８号","F&Mビル","スイタシエサカチョウ","１チョウメ２３バンチ３８ゴウ","エフアンドエムビル",1,"","","","","","","","","","makoto_hosotani@fandmnet.com",0000-00-00,0,"","","","","","","","","",,,,,"","","","",,0,"","","","","吹田","てすと","12606",0,0,0,"",,0,0,0,"",,0,1,,0,,,,0,,"",,"","",0,0,"","","","","",,,,,,0,,0,"",0,2020/07/31 14:36:00,652734,2020/07/31 14:37:06,652734
1016762,13573,40751,,,10171490,"配偶","12606","ハイグウ","アア",1,2000/01/01,1,,"","","","","","","","",,,,,,,,,,"",,,,,,,,,,,,"",,,"",0,"","",,,,,"","","","",,,,,,0,,,,0,0,"",,0,,,1,0,2016000,1330000,0,,,,"","",0,1,"","","","","",1,0,0,0,0,,,,,0,2020/07/31 14:37:43,652734,2020/08/04 17:23:27,999202007
1016763,13574,40751,10171491,652735,10171491,"てすと","12607","","",1,2000/01/01,0,"","564-0063","大阪府","吹田市江坂町","１丁目２３番地３８号","F&Mビル","スイタシエサカチョウ","１チョウメ２３バンチ３８ゴウ","エフアンドエムビル",1,"","","","","","","","","","makoto_hosotani@fandmnet.com",0000-00-00,0,"","","","","","","","","",,,,,"","","","",,0,"","","","","吹田","てすと","12607",0,0,0,"",,0,0,0,"",,0,1,,0,,11950000,10000000,0,,"",,"","",0,0,"","","","","",,,,,,0,,0,"",0,2020/07/31 14:59:41,652735,2020/07/31 15:00:21,652735
1016764,13574,40751,,,10171491,"配偶","12607","ハイグウ","アア",1,2000/01/01,1,,"","","","","","","","",,,,,,,,,,"",,,,,,,,,,,,"",,,"",0,"","",,,,,"","","","",,,,,,0,,,,0,0,"",,0,,,1,0,,,0,,,,"","",0,1,"","","","","",0,1,0,0,0,,,,,0,2020/07/31 15:01:06,652735,2020/08/04 17:23:27,999202007
1016767,13575,40751,10171492,652736,10171492,"てすと","12608","","",1,2000/01/01,0,"","564-0063","大阪府","吹田市江坂町","１丁目２３番地３８号","F&Mビル","スイタシエサカチョウ","１チョウメ２３バンチ３８ゴウ","エフアンドエムビル",1,"","","","","","","","","","makoto_hosotani@fandmnet.com",0000-00-00,0,"","","","","","","","","",,,,,"","","","",,0,"","","","","吹田","てすと","12608",0,0,0,"",,0,0,0,"",,0,1,,0,,11950000,10000000,0,,"",,"","",0,0,"","","","","",,,,,,0,,0,"",0,2020/07/31 15:08:39,652736,2020/07/31 15:08:58,652736
1016768,13575,40751,,,10171492,"配偶","12608","ハイグウ","アア",1,2000/01/01,1,,"","","","","","","","",,,,,,,,,,"",,,,,,,,,,,,"",,,"",0,"","",,,,,"","","","",,,,,,0,,,,0,0,"",,0,,,1,0,2016000,1330000,0,,,,"","",0,1,"","","","","",,1,0,0,0,,,,,0,2020/07/31 15:11:42,652736,2020/08/04 17:23:27,999202007
1016769,13576,40751,10171493,652737,10171493,"てすと","12609","","",1,2000/01/01,0,"","564-0063","大阪府","吹田市江坂町","１丁目２３番地３８号","F&Mビル","スイタシエサカチョウ","１チョウメ２３バンチ３８ゴウ","エフアンドエムビル",1,"","","","","","","","","","makoto_hosotani@fandmnet.com",0000-00-00,0,"","","","","","","","","",,,,,"","","","",,0,"","","","","吹田","てすと","12609",0,0,0,"",,0,0,0,"",,0,1,,0,,11950000,10000000,0,,"",,"","",0,0,"","","","","",,,,,,0,,0,"",0,2020/07/31 15:13:46,652737,2020/07/31 15:14:01,652737
1016770,13576,40751,,,10171493,"配偶","12609","ハイグウ","アア",1,2000/01/01,1,,"","","","","","","","",,,,,,,,,,"",,,,,,,,,,,,"",,,"",0,"","",,,,,"","","","",,,,,,0,,,,0,0,"",,0,,,1,0,2016000,1330000,0,,,,"","",0,1,"","","","","",1,,0,0,0,,,,,0,2020/07/31 15:14:45,652737,2020/08/04 17:23:27,999202007
1016771,13577,40751,10171494,652738,10171494,"てすと","12610","","",1,2000/01/01,0,"","564-0063","大阪府","吹田市江坂町","１丁目２３番地３８号","F&Mビル","スイタシエサカチョウ","１チョウメ２３バンチ３８ゴウ","エフアンドエムビル",1,"","","","","","","","","","makoto_hosotani@fandmnet.com",0000-00-00,0,"","","","","","","","","",,,,,"","","","",,0,"","","","","吹田","てすと","12610",0,0,0,"",,0,0,0,"",,0,1,,0,,11950000,10000000,0,,"",,"","",0,0,"","","","","",,,,,,0,,0,"",0,2020/07/31 15:16:59,652738,2020/07/31 15:17:20,652738
1016772,13577,40751,,,10171494,"配偶","12610","ハイグウ","アア",2,2000/01/01,2,,"","","","","","","","",,,,,,,,,,"",,,,,,,,,,,,"",,,"",0,"","",,,,,"","","","",,,,,,0,,,,0,0,"",,0,,,1,0,2016000,1330000,0,,,,"","",0,1,"","","","","",1,1,0,0,0,1,,,,0,2020/07/31 15:18:01,652738,2020/08/04 17:23:38,999202007
1016773,13578,40751,10171495,652739,10171495,"てすと","12611","","",1,2000/01/01,0,"","564-0063","大阪府","吹田市江坂町","１丁目２３番地３８号","F&Mビル","スイタシエサカチョウ","１チョウメ２３バンチ３８ゴウ","エフアンドエムビル",1,"","","","","","","","","","makoto_hosotani@fandmnet.com",0000-00-00,0,"","","","","","","","","",,,,,"","","","",,0,"","","","","吹田","てすと","12611",0,0,0,"",,0,0,0,"",,0,1,,0,,11950000,10000000,0,,"",,"","",0,0,"","","","","",,,,,,0,,0,"",0,2020/07/31 15:19:25,652739,2020/07/31 15:19:42,652739
1016774,13578,40751,,,10171495,"配偶","12611","ハイグウ","アア",2,2000/01/01,2,,"","","","","","","","",,,,,,,,,,"",,,,,,,,,,,,"",,,"",0,"","",,,,,"","","","",,,,,,0,,,,0,0,"",,0,,,1,0,2016000,1330001,0,,,,"","",0,1,"","","","","",1,1,0,0,0,0,,,,0,2020/07/31 15:20:13,652739,2020/08/04 17:23:57,999202007
1016777,13579,40751,10171496,652740,10171496,"てすと","12612","","",1,2000/01/01,0,"","564-0063","大阪府","吹田市江坂町","１丁目２３番地３８号","F&Mビル","スイタシエサカチョウ","１チョウメ２３バンチ３８ゴウ","エフアンドエムビル",1,"","","","","","","","","","makoto_hosotani@fandmnet.com",0000-00-00,0,"","","","","","","","","",,,,,"","","","",,0,"","","","","吹田","てすと","12612",0,0,0,"",,0,0,0,"",,0,1,,0,,11950001,10000001,0,,"",,"","",0,0,"","","","","",,,,,,0,,0,"",0,2020/07/31 15:22:08,652740,2020/07/31 15:22:22,652740
1016778,13579,40751,,,10171496,"配偶","12612","ハイグウ","アア",2,2000/01/01,2,,"","","","","","","","",,,,,,,,,,"",,,,,,,,,,,,"",,,"",0,"","",,,,,"","","","",,,,,,0,,,,0,0,"",,0,,,1,0,2016000,1330000,0,,,,"","",0,1,"","","","","",1,1,0,0,0,0,,,,0,2020/07/31 15:23:11,652740,2020/08/04 17:23:57,999202007
1016779,13580,40751,10171497,652741,10171497,"てすと","12613","","",1,2000/01/01,0,"","564-0063","大阪府","吹田市江坂町","１丁目２３番地３８号","F&Mビル","スイタシエサカチョウ","１チョウメ２３バンチ３８ゴウ","エフアンドエムビル",1,"","","","","","","","","","makoto_hosotani@fandmnet.com",0000-00-00,0,"","","","","","","","","",,,,,"","","","",,0,"","","","","吹田","てすと","12613",0,0,0,"",,0,0,0,"",,0,1,,0,,11950000,10000000,0,,"",,"","",0,0,"","","","","",,,,,,0,,0,"",0,2020/07/31 15:25:37,652741,2020/07/31 15:25:50,652741
1016780,13580,40751,,,10171497,"配偶","12613","ハイグウ","アア",2,2000/01/01,2,,"","","","","","","","",,,,,,,,,,"",,,,,,,,,,,,"",,,"",0,"","",,,,,"","","","",,,,,,0,,,,0,0,"",,0,,,1,0,2016000,1330000,0,,,,"","",0,1,"","","","","",0,1,0,0,0,0,,,,0,2020/07/31 15:26:32,652741,2020/08/04 17:23:57,999202007
1016781,13581,40751,10171498,652742,10171498,"てすと","12614","","",1,2000/01/01,0,"","564-0063","大阪府","吹田市江坂町","１丁目２３番地３８号","F&Mビル","スイタシエサカチョウ","１チョウメ２３バンチ３８ゴウ","エフアンドエムビル",1,"","","","","","","","","","makoto_hosotani@fandmnet.com",0000-00-00,0,"","","","","","","","","",,,,,"","","","",,0,"","","","","吹田","てすと","12614",0,0,0,"",,0,0,0,"",,0,1,,0,,11950000,10000000,0,,"",,"","",0,0,"","","","","",,,,,,0,,0,"",0,2020/07/31 15:28:06,652742,2020/07/31 15:28:34,652742
1016782,13581,40751,,,10171498,"配偶","12614","ハイグウ","アア",2,2000/01/01,2,,"","","","","","","","",,,,,,,,,,"",,,,,,,,,,,,"",,,"",0,"","",,,,,"","","","",,,,,,0,,,,0,0,"",,0,,,1,0,2016000,1330000,0,,,,"","",0,1,"","","","","",1,0,0,0,0,0,,,,0,2020/07/31 15:29:20,652742,2020/08/04 17:23:57,999202007
1016785,13582,40751,10171499,652743,10171499,"てすと","12615","","",1,2000/01/01,0,"","564-0063","大阪府","吹田市江坂町","１丁目２３番地３８号","F&Mビル","スイタシエサカチョウ","１チョウメ２３バンチ３８ゴウ","エフアンドエムビル",1,"","","","","","","","","","makoto_hosotani@fandmnet.com",0000-00-00,0,"","","","","","","","","",,,,,"","","","",,0,"","","","","吹田","てすと","12615",0,0,0,"",,0,0,0,"",,0,1,,0,,,,0,,"",,"","",0,0,"","","","","",,,,,,0,,0,"",0,2020/07/31 15:32:37,652743,2020/07/31 15:33:08,652743
1016786,13582,40751,,,10171499,"配偶","12615","ハイグウ","アア",2,2000/01/01,2,,"","","","","","","","",,,,,,,,,,"",,,,,,,,,,,,"",,,"",0,"","",,,,,"","","","",,,,,,0,,,,0,0,"",,0,,,1,0,2016000,1330000,0,,,,"","",0,1,"","","","","",1,0,0,0,0,,,,,0,2020/07/31 15:33:43,652743,2020/08/04 17:23:27,999202007
1016787,13583,40751,10171500,652744,10171500,"てすと","12616","","",1,2000/01/01,0,"","564-0063","大阪府","吹田市江坂町","１丁目２３番地３８号","F&Mビル","スイタシエサカチョウ","１チョウメ２３バンチ３８ゴウ","エフアンドエムビル",1,"","","","","","","","","","makoto_hosotani@fandmnet.com",0000-00-00,0,"","","","","","","","","",,,,,"","","","",,0,"","","","","吹田","てすと","12616",0,0,0,"",,0,0,0,"",,0,1,,0,,11950000,10000000,0,,"",,"","",0,0,"","","","","",,,,,,0,,0,"",0,2020/07/31 15:35:03,652744,2020/07/31 15:35:17,652744
1016788,13583,40751,,,10171500,"配偶","12616","ハイグウ","アア",2,2000/01/01,2,,"","","","","","","","",,,,,,,,,,"",,,,,,,,,,,,"",,,"",0,"","",,,,,"","","","",,,,,,0,,,,0,0,"",,0,,,1,0,,,0,,,,"","",0,1,"","","","","",0,1,0,0,0,,,,,0,2020/07/31 15:36:07,652744,2020/08/04 17:23:27,999202007
1016789,13584,40751,10171501,652745,10171501,"てすと","12617","","",1,2000/01/01,0,"","564-0063","大阪府","吹田市江坂町","１丁目２３番地３８号","F&Mビル","スイタシエサカチョウ","１チョウメ２３バンチ３８ゴウ","エフアンドエムビル",1,"","","","","","","","","","makoto_hosotani@fandmnet.com",0000-00-00,0,"","","","","","","","","",,,,,"","","","",,0,"","","","","吹田","てすと","12617",0,0,0,"",,0,0,0,"",,0,1,,0,,11950000,10000000,0,,"",,"","",0,0,"","","","","",,,,,,0,,0,"",0,2020/07/31 15:37:47,652745,2020/07/31 15:38:27,652745
1016790,13584,40751,,,10171501,"配偶","12617","ハイグウ","アア",2,2000/01/01,2,,"","","","","","","","",,,,,,,,,,"",,,,,,,,,,,,"",,,"",0,"","",,,,,"","","","",,,,,,0,,,,0,0,"",,0,,,1,0,2016000,1330000,0,,,,"","",0,1,"","","","","",,1,0,0,0,,,,,0,2020/07/31 15:39:01,652745,2020/08/04 17:23:27,999202007
1016791,13585,40751,10171502,652746,10171502,"てすと","12618","","",1,2000/01/01,0,"","564-0063","大阪府","吹田市江坂町","１丁目２３番地３８号","F&Mビル","スイタシエサカチョウ","１チョウメ２３バンチ３８ゴウ","エフアンドエムビル",1,"","","","","","","","","","makoto_hosotani@fandmnet.com",0000-00-00,0,"","","","","","","","","",,,,,"","","","",,0,"","","","","吹田","てすと","12618",0,0,0,"",,0,0,0,"",,0,1,,0,,11950000,10000000,0,,"",,"","",0,0,"","","","","",,,,,,0,,0,"",0,2020/07/31 15:41:33,652746,2020/07/31 15:41:46,652746
1016792,13585,40751,,,10171502,"配偶","12618","ハイグウ","アア",2,2000/01/01,2,,"","","","","","","","",,,,,,,,,,"",,,,,,,,,,,,"",,,"",0,"","",,,,,"","","","",,,,,,0,,,,0,0,"",,0,,,1,0,2016000,1330000,0,,,,"","",0,1,"","","","","",1,,0,0,0,,,,,0,2020/07/31 15:42:24,652746,2020/08/04 17:23:27,999202007
1016793,13595,40751,10171503,652747,10171503,"てすと","10619","","",1,2000/01/01,0,"","564-0063","大阪府","吹田市江坂町","１丁目２３番地３８号","F&Mビル","スイタシエサカチョウ","１チョウメ２３バンチ３８ゴウ","エフアンドエムビル",1,"","","","","","","","","","makoto_hosotani@fandmnet.com",0000-00-00,0,"","","","","","","","","",,,,,"","","","",,0,"","","","","吹田","てすと","10619",0,0,0,"",,0,0,0,"",,0,1,,0,,11950000,10000000,0,,"",,"","",0,0,"","","","","",,,,,,0,,0,"",0,2020/07/31 15:50:39,652747,2020/07/31 15:50:56,652747
1016794,13595,40751,,,10171503,"配偶","10619","ハイグウ","アア",1,2000/01/01,1,,"","","","","","","","",,,,,,,,,,"",,,,,,,,,,,,"",,,"",0,"","",,,,,"","","","",,,,,,0,,,,0,0,"",,0,,,1,0,2016000,1330000,0,,,,"","",0,1,"","","","","",1,1,0,0,0,0,,,,0,2020/07/31 15:51:40,652747,2020/07/31 15:51:40,652747
1016795,13596,40751,10171504,652748,10171504,"てすと","10620","","",1,2000/01/01,0,"","564-0063","大阪府","吹田市江坂町","１丁目２３番地３８号","F&Mビル","スイタシエサカチョウ","１チョウメ２３バンチ３８ゴウ","エフアンドエムビル",1,"","","","","","","","","","makoto_hosotani@fandmnet.com",0000-00-00,0,"","","","","","","","","",,,,,"","","","",,0,"","","","","吹田","てすと","10620",0,0,0,"",,0,0,0,"",,0,1,,0,,11950000,10000000,0,,"",,"","",0,0,"","","","","",,,,,,0,,0,"",0,2020/07/31 15:55:00,652748,2020/07/31 15:55:15,652748
1016796,13596,40751,,,10171504,"配偶","10620","ハイグウ","アア",1,2000/01/01,1,,"","","","","","","","",,,,,,,,,,"",,,,,,,,,,,,"",,,"",0,"","",,,,,"","","","",,,,,,0,,,,0,0,"",,0,,,1,0,2016000,1330000,0,,,,"","",0,1,"","","","","",1,1,0,0,0,0,,,,0,2020/07/31 15:56:04,652748,2020/07/31 15:56:04,652748
1016797,13597,40751,10171505,652749,10171505,"てすと","10621","","",1,2000/01/01,0,"","564-0063","大阪府","吹田市江坂町","１丁目２３番地３８号","F&Mビル","スイタシエサカチョウ","１チョウメ２３バンチ３８ゴウ","エフアンドエムビル",1,"","","","","","","","","","makoto_hosotani@fandmnet.com",0000-00-00,0,"","","","","","","","","",,,,,"","","","",,0,"","","","","吹田","てすと","10621",0,0,0,"",,0,0,0,"",,0,1,,0,,11950000,10000000,0,,"",,"","",0,0,"","","","","",,,,,,0,,0,"",0,2020/07/31 15:58:29,652749,2020/07/31 15:58:42,652749
1016798,13597,40751,,,10171505,"配偶","10621","ハイグウ","アア",1,2000/01/01,1,,"","","","","","","","",,,,,,,,,,"",,,,,,,,,,,,"",,,"",0,"","",,,,,"","","","",,,,,,0,,,,0,0,"",,0,,,1,0,2016000,1330000,0,,,,"","",0,1,"","","","","",1,1,0,0,0,0,,,,0,2020/07/31 15:59:23,652749,2020/07/31 15:59:23,652749
1016799,13598,40751,10171506,652750,10171506,"てすと","10622","","",1,2000/01/01,0,"","564-0063","大阪府","吹田市江坂町","１丁目２３番地３８号","F&Mビル","スイタシエサカチョウ","１チョウメ２３バンチ３８ゴウ","エフアンドエムビル",1,"","","","","","","","","","makoto_hosotani@fandmnet.com",0000-00-00,0,"","","","","","","","","",,,,,"","","","",,0,"","","","","吹田","てすと","10622",0,0,0,"",,0,0,0,"",,0,1,,0,,11950000,10000000,0,,"",,"","",0,0,"","","","","",,,,,,0,,0,"",0,2020/07/31 16:00:48,652750,2020/07/31 16:01:02,652750
1016800,13598,40751,,,10171506,"配偶","10622","ハイグウ","アア",1,2000/01/01,1,,"","","","","","","","",,,,,,,,,,"",,,,,,,,,,,,"",,,"",0,"","",,,,,"","","","",,,,,,0,,,,0,0,"",,0,,,1,0,2016000,1330000,0,,,,"","",0,1,"","","","","",1,1,0,0,0,0,,,,0,2020/07/31 16:01:35,652750,2020/07/31 16:01:35,652750
1016801,13599,40751,10171507,652751,10171507,"てすと","10623","","",1,2000/01/01,0,"","564-0063","大阪府","吹田市江坂町","１丁目２３番地３８号","F&Mビル","スイタシエサカチョウ","１チョウメ２３バンチ３８ゴウ","エフアンドエムビル",1,"","","","","","","","","","makoto_hosotani@fandmnet.com",0000-00-00,0,"","","","","","","","","",,,,,"","","","",,0,"","","","","吹田","てすと","10623",0,0,0,"",,0,0,0,"",,0,1,,0,,11950000,10000000,0,,"",,"","",0,0,"","","","","",,,,,,0,,0,"",0,2020/07/31 16:03:08,652751,2020/07/31 16:03:21,652751
1016802,13599,40751,,,10171507,"配偶","10623","ハイグウ","アア",1,2000/01/01,1,,"","","","","","","","",,,,,,,,,,"",,,,,,,,,,,,"",,,"",0,"","",,,,,"","","","",,,,,,0,,,,0,0,"",,0,,,1,0,2016000,1330000,0,,,,"","",0,1,"","","","","",1,1,0,0,0,0,,,,0,2020/07/31 16:03:55,652751,2020/07/31 16:03:55,652751
1016807,13603,40751,10171686,652846,10171686,"てすと","50501","","",1,2000/01/01,0,"","564-0063","大阪府","吹田市江坂町","１丁目２３番地３８号","F&Mビル","スイタシエサカチョウ","１チョウメ２３バンチ３８ゴウ","エフアンドエムビル",1,"","","","","","","","","","makoto_hosotani@fandmnet.com",0000-00-00,0,"","","","","","","","","",,,,,"","","","",,0,"","","","","吹田","てすと","50501",0,0,0,"",,0,0,0,"",,0,1,,0,,10950000,9000000,0,,"",,"","",0,0,"","","","","",,,,,,0,,0,"",0,2020/07/31 16:30:22,652846,2020/07/31 16:30:58,652846
1016808,13603,40751,,,10171686,"配偶","50501","ハイグウ","アア",1,2000/01/01,1,,"","","","","","","","",,,,,,,,,,"",,,,,,,,,,,,"",,,"",0,"","",,,,,"","","","",,,,,,0,,,,0,0,"",,0,,,1,0,1500000,950000,0,,,,"","",0,1,"","","","","",1,1,0,,0,1,,,,0,2020/07/31 16:31:49,652846,2020/08/04 17:23:38,999202007
1016809,13604,40751,10171687,652847,10171687,"てすと","50502","","",1,2000/01/01,0,"","564-0063","大阪府","吹田市江坂町","１丁目２３番地３８号","F&Mビル","スイタシエサカチョウ","１チョウメ２３バンチ３８ゴウ","エフアンドエムビル",1,"","","","","","","","","","makoto_hosotani@fandmnet.com",0000-00-00,0,"","","","","","","","","",,,,,"","","","",,0,"","","","","吹田","てすと","50502",0,0,0,"",,0,0,0,"",,0,1,,0,,10950000,9000000,0,,"",,"","",0,0,"","","","","",,,,,,0,,0,"",0,2020/07/31 16:33:20,652847,2020/07/31 16:33:45,652847
1016810,13604,40751,,,10171687,"配偶","50502","ハイグウ","アア",1,2000/01/01,1,,"","","","","","","","",,,,,,,,,,"",,,,,,,,,,,,"",,,"",0,"","",,,,,"","","","",,,,,,0,,,,0,0,"",,0,,,1,0,1500001,950001,0,,,,"","",0,1,"","","","","",1,1,0,,0,1,,,,0,2020/07/31 16:34:26,652847,2020/08/04 17:23:38,999202007
1016811,13605,40751,10171688,652848,10171688,"てすと","50503","","",1,2000/01/01,0,"","564-0063","大阪府","吹田市江坂町","１丁目２３番地３８号","F&Mビル","スイタシエサカチョウ","１チョウメ２３バンチ３８ゴウ","エフアンドエムビル",1,"","","","","","","","","","makoto_hosotani@fandmnet.com",0000-00-00,0,"","","","","","","","","",,,,,"","","","",,0,"","","","","吹田","てすと","50503",0,0,0,"",,0,0,0,"",,0,1,,0,,10950001,9000001,0,,"",,"","",0,0,"","","","","",,,,,,0,,0,"",0,2020/07/31 16:36:12,652848,2020/07/31 16:36:43,652848
1016812,13605,40751,,,10171688,"配偶","50503","ハイグウ","アア",1,2000/01/01,1,,"","","","","","","","",,,,,,,,,,"",,,,,,,,,,,,"",,,"",0,"","",,,,,"","","","",,,,,,0,,,,0,0,"",,0,,,1,0,1500000,950000,0,,,,"","",0,1,"","","","","",1,1,0,,0,1,,,,0,2020/07/31 16:37:15,652848,2020/08/04 17:23:38,999202007
1016813,13606,40751,10171689,652849,10171689,"てすと","50504","","",1,2000/01/01,0,"","564-0063","大阪府","吹田市江坂町","１丁目２３番地３８号","F&Mビル","スイタシエサカチョウ","１チョウメ２３バンチ３８ゴウ","エフアンドエムビル",1,"","","","","","","","","","makoto_hosotani@fandmnet.com",0000-00-00,0,"","","","","","","","","",,,,,"","","","",,0,"","","","","吹田","てすと","50504",0,0,0,"",,0,0,0,"",,0,1,,0,,10950000,9000000,0,,"",,"","",0,0,"","","","","",,,,,,0,,0,"",0,2020/07/31 16:45:11,652849,2020/07/31 16:45:45,652849
1016814,13606,40751,,,10171689,"配偶","50504","ハイグウ","アア",1,2000/01/01,1,,"","","","","","","","",,,,,,,,,,"",,,,,,,,,,,,"",,,"",0,"","",,,,,"","","","",,,,,,0,,,,0,0,"",,0,,,1,0,1500000,950000,0,,,,"","",0,1,"","","","","",0,1,0,,0,0,,,,0,2020/07/31 16:46:16,652849,2020/08/04 17:23:57,999202007
1016815,13607,40751,10171690,652850,10171690,"てすと","50505","","",1,2000/01/01,0,"","564-0063","大阪府","吹田市江坂町","１丁目２３番地３８号","F&Mビル","スイタシエサカチョウ","１チョウメ２３バンチ３８ゴウ","エフアンドエムビル",1,"","","","","","","","","","makoto_hosotani@fandmnet.com",0000-00-00,0,"","","","","","","","","",,,,,"","","","",,0,"","","","","吹田","てすと","50505",0,0,0,"",,0,0,0,"",,0,1,,0,,10950000,9000000,0,,"",,"","",0,0,"","","","","",,,,,,0,,0,"",0,2020/07/31 16:47:56,652850,2020/07/31 16:48:24,652850
1016816,13607,40751,,,10171690,"配偶","50505","ハイグウ","アア",1,2000/01/01,1,,"","","","","","","","",,,,,,,,,,"",,,,,,,,,,,,"",,,"",0,"","",,,,,"","","","",,,,,,0,,,,0,0,"",,0,,,1,0,1500000,950000,0,,,,"","",0,1,"","","","","",1,0,0,,0,0,,,,0,2020/07/31 16:49:05,652850,2020/08/04 17:23:57,999202007
1016819,13608,40751,10171691,652851,10171691,"てすと","50506","","",1,2000/01/01,0,"","564-0063","大阪府","吹田市江坂町","１丁目２３番地３８号","F&Mビル","スイタシエサカチョウ","１チョウメ２３バンチ３８ゴウ","エフアンドエムビル",1,"","","","","","","","","","makoto_hosotani@fandmnet.com",0000-00-00,0,"","","","","","","","","",,,,,"","","","",,0,"","","","","吹田","てすと","50506",0,0,0,"",,0,0,0,"",,0,1,,0,,,,0,,"",,"","",0,0,"","","","","",,,,,,0,,0,"",0,2020/07/31 16:57:36,652851,2020/07/31 16:57:56,652851
1016820,13608,40751,,,10171691,"配偶","50506","ハイグウ","アア",1,2000/01/01,1,,"","","","","","","","",,,,,,,,,,"",,,,,,,,,,,,"",,,"",0,"","",,,,,"","","","",,,,,,0,,,,0,0,"",,0,,,1,0,1500000,950000,0,,,,"","",0,1,"","","","","",1,0,0,0,0,,,,,0,2020/07/31 16:58:33,652851,2020/08/04 17:23:27,999202007
1016821,13609,40751,10171692,652852,10171692,"てすと","50507","","",1,2000/01/01,0,"","564-0063","大阪府","吹田市江坂町","１丁目２３番地３８号","F&Mビル","スイタシエサカチョウ","１チョウメ２３バンチ３８ゴウ","エフアンドエムビル",1,"","","","","","","","","","makoto_hosotani@fandmnet.com",0000-00-00,0,"","","","","","","","","",,,,,"","","","",,0,"","","","","吹田","てすと","50507",0,0,0,"",,0,0,0,"",,0,1,,0,,10950000,9000000,0,,"",,"","",0,0,"","","","","",,,,,,0,,0,"",0,2020/07/31 16:59:45,652852,2020/07/31 17:00:09,652852
1016822,13609,40751,,,10171692,"はいぐう","50507","ハイグウ","アア",1,2000/01/01,1,,"","","","","","","","",,,,,,,,,,"",,,,,,,,,,,,"",,,"",0,"","",,,,,"","","","",,,,,,0,,,,0,0,"",,0,,,1,0,,,0,,,,"","",0,1,"","","","","",0,1,0,0,0,,,,,0,2020/07/31 17:00:42,652852,2020/08/04 17:23:27,999202007
1016823,13610,40751,10171693,652853,10171693,"てすと","50508","","",1,2000/01/01,0,"","564-0063","大阪府","吹田市江坂町","１丁目２３番地３８号","F&Mビル","スイタシエサカチョウ","１チョウメ２３バンチ３８ゴウ","エフアンドエムビル",1,"","","","","","","","","","makoto_hosotani@fandmnet.com",0000-00-00,0,"","","","","","","","","",,,,,"","","","",,0,"","","","","吹田","てすと","50508",0,0,0,"",,0,0,0,"",,0,1,,0,,10950000,9000000,0,,"",,"","",0,0,"","","","","",,,,,,0,,0,"",0,2020/07/31 17:02:57,652853,2020/07/31 17:03:16,652853
1016824,13610,40751,,,10171693,"配偶","50508","ハイグウ","アア",1,2000/01/01,1,,"","","","","","","","",,,,,,,,,,"",,,,,,,,,,,,"",,,"",0,"","",,,,,"","","","",,,,,,0,,,,0,0,"",,0,,,1,0,1500000,950000,0,,,,"","",0,1,"","","","","",,1,0,0,0,,,,,0,2020/07/31 17:03:46,652853,2020/08/04 17:23:27,999202007
1016827,13611,40751,10171694,652854,10171694,"てすと","50509","","",1,2000/01/01,0,"","564-0063","大阪府","吹田市江坂町","１丁目２３番地３８号","F&Mビル","スイタシエサカチョウ","１チョウメ２３バンチ３８ゴウ","エフアンドエムビル",1,"","","","","","","","","","makoto_hosotani@fandmnet.com",0000-00-00,0,"","","","","","","","","",,,,,"","","","",,0,"","","","","吹田","てすと","50509",0,0,0,"",,0,0,0,"",,0,1,,0,,10950000,9000000,0,,"",,"","",0,0,"","","","","",,,,,,0,,0,"",0,2020/07/31 17:04:50,652854,2020/07/31 17:05:07,652854
1016828,13611,40751,,,10171694,"配偶","50509","ハイグウ","アア",1,2000/01/01,1,,"","","","","","","","",,,,,,,,,,"",,,,,,,,,,,,"",,,"",0,"","",,,,,"","","","",,,,,,0,,,,0,0,"",,0,,,1,0,1500000,950000,0,,,,"","",0,1,"","","","","",1,,0,0,0,,,,,0,2020/07/31 17:05:43,652854,2020/08/04 17:23:27,999202007
1016829,13612,40751,10171695,652855,10171695,"てすと","50510","","",1,2000/01/01,0,"","564-0063","大阪府","吹田市江坂町","１丁目２３番地３８号","F&Mビル","スイタシエサカチョウ","１チョウメ２３バンチ３８ゴウ","エフアンドエムビル",1,"","","","","","","","","","makoto_hosotani@fandmnet.com",0000-00-00,0,"","","","","","","","","",,,,,"","","","",,0,"","","","","吹田","てすと","50510",0,0,0,"",,0,0,0,"",,0,1,,0,,10950000,9000000,0,,"",,"","",0,0,"","","","","",,,,,,0,,0,"",0,2020/07/31 17:07:43,652855,2020/07/31 17:08:01,652855
1016830,13612,40751,,,10171695,"配偶","50510","ハイグウ","アア",2,2000/01/01,2,,"","","","","","","","",,,,,,,,,,"",,,,,,,,,,,,"",,,"",0,"","",,,,,"","","","",,,,,,0,,,,0,0,"",,0,,,1,0,1500000,950000,0,,,,"","",0,1,"","","","","",1,1,0,,0,1,,,,0,2020/07/31 17:08:31,652855,2020/08/04 17:23:38,999202007
1016831,13613,40751,10171696,652856,10171696,"てすと","50511","","",1,2000/01/01,0,"","564-0063","大阪府","吹田市江坂町","１丁目２３番地３８号","F&Mビル","スイタシエサカチョウ","１チョウメ２３バンチ３８ゴウ","エフアンドエムビル",1,"","","","","","","","","","makoto_hosotani@fandmnet.com",0000-00-00,0,"","","","","","","","","",,,,,"","","","",,0,"","","","","吹田","てすと","50511",0,0,0,"",,0,0,0,"",,0,1,,0,,10950000,9000000,0,,"",,"","",0,0,"","","","","",,,,,,0,,0,"",0,2020/07/31 17:10:54,652856,2020/07/31 17:11:11,652856
1016832,13613,40751,,,10171696,"配偶","50511","ハイグウ","アア",2,2000/01/01,2,,"","","","","","","","",,,,,,,,,,"",,,,,,,,,,,,"",,,"",0,"","",,,,,"","","","",,,,,,0,,,,0,0,"",,0,,,1,0,1500001,950001,0,,,,"","",0,1,"","","","","",1,1,0,,0,1,,,,0,2020/07/31 17:11:42,652856,2020/08/04 17:23:38,999202007
1016833,13614,40751,10171697,652857,10171697,"てすと","50512","","",1,2000/01/01,0,"","564-0063","大阪府","吹田市江坂町","１丁目２３番地３８号","F&Mビル","スイタシエサカチョウ","１チョウメ２３バンチ３８ゴウ","エフアンドエムビル",1,"","","","","","","","","","makoto_hosotani@fandmnet.com",0000-00-00,0,"","","","","","","","","",,,,,"","","","",,0,"","","","","吹田","てすと","50512",0,0,0,"",,0,0,0,"",,0,1,,0,,10950001,9000001,0,,"",,"","",0,0,"","","","","",,,,,,0,,0,"",0,2020/07/31 17:13:09,652857,2020/07/31 17:13:24,652857
1016834,13614,40751,,,10171697,"配偶","50512","ハイグウ","アア",2,2000/01/01,2,,"","","","","","","","",,,,,,,,,,"",,,,,,,,,,,,"",,,"",0,"","",,,,,"","","","",,,,,,0,,,,0,0,"",,0,,,1,0,1500000,950000,0,,,,"","",0,1,"","","","","",1,1,0,,0,1,,,,0,2020/07/31 17:14:05,652857,2020/08/04 17:23:38,999202007
1016835,13615,40751,10171698,652858,10171698,"てすと","50513","","",1,2000/01/01,0,"","564-0063","大阪府","吹田市江坂町","１丁目２３番地３８号","F&Mビル","スイタシエサカチョウ","１チョウメ２３バンチ３８ゴウ","エフアンドエムビル",1,"","","","","","","","","","makoto_hosotani@fandmnet.com",0000-00-00,0,"","","","","","","","","",,,,,"","","","",,0,"","","","","吹田","てすと","50513",0,0,0,"",,0,0,0,"",,0,1,,0,,10950000,9000000,0,,"",,"","",0,0,"","","","","",,,,,,0,,0,"",0,2020/07/31 17:15:16,652858,2020/07/31 17:15:35,652858
1016836,13615,40751,,,10171698,"配偶","50513","ハイグウ","アア",2,2000/01/01,2,,"","","","","","","","",,,,,,,,,,"",,,,,,,,,,,,"",,,"",0,"","",,,,,"","","","",,,,,,0,,,,0,0,"",,0,,,1,0,1500000,950000,0,,,,"","",0,1,"","","","","",0,1,0,,0,0,,,,0,2020/07/31 17:16:05,652858,2020/08/04 17:23:57,999202007
1016837,13616,40751,10171699,652859,10171699,"てすと","50514","","",1,2000/01/01,0,"","564-0063","大阪府","吹田市江坂町","１丁目２３番地３８号","F&Mビル","スイタシエサカチョウ","１チョウメ２３バンチ３８ゴウ","エフアンドエムビル",1,"","","","","","","","","","makoto_hosotani@fandmnet.com",0000-00-00,0,"","","","","","","","","",,,,,"","","","",,0,"","","","","吹田","てすと","50514",0,0,0,"",,0,0,0,"",,0,1,,0,,10950000,9000000,0,,"",,"","",0,0,"","","","","",,,,,,0,,0,"",0,2020/07/31 17:17:11,652859,2020/07/31 17:17:29,652859
1016838,13616,40751,,,10171699,"配偶","50514","ハイグウ","アア",2,2000/01/01,2,,"","","","","","","","",,,,,,,,,,"",,,,,,,,,,,,"",,,"",0,"","",,,,,"","","","",,,,,,0,,,,0,0,"",,0,,,1,0,1500000,950000,0,,,,"","",0,1,"","","","","",1,0,0,,0,0,,,,0,2020/07/31 17:18:00,652859,2020/08/04 17:23:57,999202007
1016839,13617,40751,10171700,652860,10171700,"てすと","50515","","",1,2000/01/01,0,"","564-0063","大阪府","吹田市江坂町","１丁目２３番地３８号","F&Mビル","スイタシエサカチョウ","１チョウメ２３バンチ３８ゴウ","エフアンドエムビル",1,"","","","","","","","","","makoto_hosotani@fandmnet.com",0000-00-00,0,"","","","","","","","","",,,,,"","","","",,0,"","","","","吹田","てすと","50515",0,0,0,"",,0,0,0,"",,0,1,,0,,,,0,,"",,"","",0,0,"","","","","",,,,,,0,,0,"",0,2020/07/31 17:25:44,652860,2020/07/31 17:25:57,652860
1016840,13617,40751,,,10171700,"配偶","50515","ハイグウ","アア",2,2000/01/01,2,,"","","","","","","","",,,,,,,,,,"",,,,,,,,,,,,"",,,"",0,"","",,,,,"","","","",,,,,,0,,,,0,0,"",,0,,,1,0,1500000,950000,0,,,,"","",0,1,"","","","","",1,0,0,0,0,,,,,0,2020/07/31 17:26:26,652860,2020/08/04 17:23:27,999202007
1016841,13618,40751,10171701,652861,10171701,"てすと","50516","","",1,2000/01/01,0,"","564-0063","大阪府","吹田市江坂町","１丁目２３番地３８号","F&Mビル","スイタシエサカチョウ","１チョウメ２３バンチ３８ゴウ","エフアンドエムビル",1,"","","","","","","","","","makoto_hosotani@fandmnet.com",0000-00-00,0,"","","","","","","","","",,,,,"","","","",,0,"","","","","吹田","てすと","50516",0,0,0,"",,0,0,0,"",,0,1,,0,,10950000,9000000,0,,"",,"","",0,0,"","","","","",,,,,,0,,0,"",0,2020/07/31 17:30:46,652861,2020/07/31 17:31:02,652861
1016842,13618,40751,,,10171701,"配偶","50516","ハイグウ","アア",2,2000/01/01,2,,"","","","","","","","",,,,,,,,,,"",,,,,,,,,,,,"",,,"",0,"","",,,,,"","","","",,,,,,0,,,,0,0,"",,0,,,1,0,,,0,,,,"","",0,1,"","","","","",0,1,0,0,0,,,,,0,2020/07/31 17:31:28,652861,2020/08/04 17:23:27,999202007
1016843,13619,40751,10171702,652862,10171702,"てすと","50517","","",1,2000/01/01,0,"","564-0063","大阪府","吹田市江坂町","１丁目２３番地３８号","F&Mビル","スイタシエサカチョウ","１チョウメ２３バンチ３８ゴウ","エフアンドエムビル",1,"","","","","","","","","","makoto_hosotani@fandmnet.com",0000-00-00,0,"","","","","","","","","",,,,,"","","","",,0,"","","","","吹田","てすと","50517",0,0,0,"",,0,0,0,"",,0,1,,0,,10950000,9000000,0,,"",,"","",0,0,"","","","","",,,,,,0,,0,"",0,2020/07/31 17:32:45,652862,2020/07/31 17:33:04,652862
1016846,13619,40751,,,10171702,"配偶","50517","ハイグウ","アア",2,2000/01/01,2,,"","","","","","","","",,,,,,,,,,"",,,,,,,,,,,,"",,,"",0,"","",,,,,"","","","",,,,,,0,,,,0,0,"",,0,,,1,0,1500000,950000,0,,,,"","",0,1,"","","","","",,1,0,0,0,,,,,0,2020/07/31 17:33:31,652862,2020/08/04 17:23:27,999202007
1016847,13620,40751,10171703,652863,10171703,"てすと","50518","","",1,2000/01/01,0,"","564-0063","大阪府","吹田市江坂町","１丁目２３番地３８号","F&Mビル","スイタシエサカチョウ","１チョウメ２３バンチ３８ゴウ","エフアンドエムビル",1,"","","","","","","","","","makoto_hosotani@fandmnet.com",0000-00-00,0,"","","","","","","","","",,,,,"","","","",,0,"","","","","吹田","てすと","50518",0,0,0,"",,0,0,0,"",,0,1,,0,,10950000,9000000,0,,"",,"","",0,0,"","","","","",,,,,,0,,0,"",0,2020/07/31 17:34:56,652863,2020/07/31 17:35:11,652863
1016848,13620,40751,,,10171703,"配偶","50518","ハイグウ","アア",2,2000/01/01,2,,"","","","","","","","",,,,,,,,,,"",,,,,,,,,,,,"",,,"",0,"","",,,,,"","","","",,,,,,0,,,,0,0,"",,0,,,1,0,1500000,950000,0,,,,"","",0,1,"","","","","",1,,0,0,0,,,,,0,2020/07/31 17:35:47,652863,2020/08/04 17:23:27,999202007
1016851,13630,40751,10171704,652864,10171704,"てすと","52501","","",1,2000/01/01,0,"","564-0063","大阪府","吹田市江坂町","１丁目２３番地３８号","F&Mビル","スイタシエサカチョウ","１チョウメ２３バンチ３８ゴウ","エフアンドエムビル",1,"","","","","","","","","","makoto_hosotani@fandmnet.com",0000-00-00,0,"","","","","","","","","",,,,,"","","","",,0,"","","","","吹田","てすと","52501",0,0,0,"",,0,0,0,"",,0,1,,0,,10950000,9000000,0,,"",,"","",0,0,"","","","","",,,,,,0,,0,"",0,2020/07/31 17:38:07,652864,2020/07/31 17:38:30,652864
1016852,13630,40751,,,10171704,"配偶","52501","ハイグウ","アア",1,2000/01/01,1,,"","","","","","","","",,,,,,,,,,"",,,,,,,,,,,,"",,,"",0,"","",,,,,"","","","",,,,,,0,,,,0,0,"",,0,,,1,0,1500000,950000,0,,,,"","",0,1,"","","","","",1,1,0,,0,1,,,,0,2020/07/31 17:39:10,652864,2020/08/04 17:23:38,999202007
1016853,13631,40751,10171705,652865,10171705,"てすと","52502","","",1,2000/01/01,0,"","564-0063","大阪府","吹田市江坂町","１丁目２３番地３８号","F&Mビル","スイタシエサカチョウ","１チョウメ２３バンチ３８ゴウ","エフアンドエムビル",1,"","","","","","","","","","makoto_hosotani@fandmnet.com",0000-00-00,0,"","","","","","","","","",,,,,"","","","",,0,"","","","","吹田","てすと","52502",0,0,0,"",,0,0,0,"",,0,1,,0,,10950000,9000000,0,,"",,"","",0,0,"","","","","",,,,,,0,,0,"",0,2020/07/31 17:40:49,652865,2020/07/31 17:41:05,652865
1016856,13631,40751,,,10171705,"配偶","52502","ハイグウ","アア",1,2000/01/01,1,,"","","","","","","","",,,,,,,,,,"",,,,,,,,,,,,"",,,"",0,"","",,,,,"","","","",,,,,,0,,,,0,0,"",,0,,,1,0,1500001,950001,0,,,,"","",0,1,"","","","","",1,1,0,,0,1,,,,0,2020/07/31 17:41:38,652865,2020/08/04 17:23:38,999202007
1016857,13632,40751,10171706,652866,10171706,"てすと","52503","","",1,2000/01/01,0,"","564-0063","大阪府","吹田市江坂町","１丁目２３番地３８号","F&Mビル","スイタシエサカチョウ","１チョウメ２３バンチ３８ゴウ","エフアンドエムビル",1,"","","","","","","","","","makoto_hosotani@fandmnet.com",0000-00-00,0,"","","","","","","","","",,,,,"","","","",,0,"","","","","吹田","てすと","52503",0,0,0,"",,0,0,0,"",,0,1,,0,,10950001,9000001,0,,"",,"","",0,0,"","","","","",,,,,,0,,0,"",0,2020/07/31 17:42:44,652866,2020/07/31 17:43:03,652866
1016858,13632,40751,,,10171706,"配偶","52503","ハイグウ","アア",1,2000/01/01,1,,"","","","","","","","",,,,,,,,,,"",,,,,,,,,,,,"",,,"",0,"","",,,,,"","","","",,,,,,0,,,,0,0,"",,0,,,1,0,1500000,950000,0,,,,"","",0,1,"","","","","",1,1,0,,0,1,,,,0,2020/07/31 17:43:30,652866,2020/08/04 17:23:38,999202007
1016859,13633,40751,10171707,652867,10171707,"てすと","52504","","",1,2000/01/01,0,"","564-0063","大阪府","吹田市江坂町","１丁目２３番地３８号","F&Mビル","スイタシエサカチョウ","１チョウメ２３バンチ３８ゴウ","エフアンドエムビル",1,"","","","","","","","","","makoto_hosotani@fandmnet.com",0000-00-00,0,"","","","","","","","","",,,,,"","","","",,0,"","","","","吹田","てすと","52504",0,0,0,"",,0,0,0,"",,0,1,,0,,10950000,9000000,0,,"",,"","",0,0,"","","","","",,,,,,0,,0,"",0,2020/07/31 17:51:43,652867,2020/07/31 17:52:01,652867
1016860,13633,40751,,,10171707,"配偶","52504","ハイグウ","アア",1,2000/01/01,1,,"","","","","","","","",,,,,,,,,,"",,,,,,,,,,,,"",,,"",0,"","",,,,,"","","","",,,,,,0,,,,0,0,"",,0,,,1,0,1500000,950000,0,,,,"","",0,1,"","","","","",0,1,0,,0,0,,,,0,2020/07/31 17:52:38,652867,2020/08/04 17:23:57,999202007
1016861,13634,40751,10171708,652868,10171708,"てすと","52505","","",1,2000/01/01,0,"","564-0063","大阪府","吹田市江坂町","１丁目２３番地３８号","F&Mビル","スイタシエサカチョウ","１チョウメ２３バンチ３８ゴウ","エフアンドエムビル",1,"","","","","","","","","","makoto_hosotani@fandmnet.com",0000-00-00,0,"","","","","","","","","",,,,,"","","","",,0,"","","","","吹田","てすと","52505",0,0,0,"",,0,0,0,"",,0,1,,0,,10950000,9000000,0,,"",,"","",0,0,"","","","","",,,,,,0,,0,"",0,2020/07/31 17:53:38,652868,2020/07/31 17:53:56,652868
1016862,13634,40751,,,10171708,"配偶","52505","ハイグウ","アア",1,2000/01/01,1,,"","","","","","","","",,,,,,,,,,"",,,,,,,,,,,,"",,,"",0,"","",,,,,"","","","",,,,,,0,,,,0,0,"",,0,,,1,0,1500000,950000,0,,,,"","",0,1,"","","","","",1,0,0,,0,0,,,,0,2020/07/31 17:54:28,652868,2020/08/04 17:23:57,999202007
1016863,13635,40751,10171709,652869,10171709,"てすと","52506","","",1,2000/01/01,0,"","564-0063","大阪府","吹田市江坂町","１丁目２３番地３８号","F&Mビル","スイタシエサカチョウ","１チョウメ２３バンチ３８ゴウ","エフアンドエムビル",1,"","","","","","","","","","makoto_hosotani@fandmnet.com",0000-00-00,0,"","","","","","","","","",,,,,"","","","",,0,"","","","","吹田","てすと","52506",0,0,0,"",,0,0,0,"",,0,1,,0,,,,0,,"",,"","",0,0,"","","","","",,,,,,0,,0,"",0,2020/07/31 17:55:40,652869,2020/07/31 17:55:54,652869
1016866,13635,40751,,,10171709,"配偶","52506","ハイグウ","アア",1,2000/01/01,1,,"","","","","","","","",,,,,,,,,,"",,,,,,,,,,,,"",,,"",0,"","",,,,,"","","","",,,,,,0,,,,0,0,"",,0,,,1,0,1500000,950000,0,,,,"","",0,1,"","","","","",1,0,0,0,0,,,,,0,2020/07/31 17:56:26,652869,2020/08/04 17:23:27,999202007
1016867,13636,40751,10171710,652870,10171710,"てすと","52507","","",1,2000/01/01,0,"","564-0063","大阪府","吹田市江坂町","１丁目２３番地３８号","F&Mビル","スイタシエサカチョウ","１チョウメ２３バンチ３８ゴウ","エフアンドエムビル",1,"","","","","","","","","","makoto_hosotani@fandmnet.com",0000-00-00,0,"","","","","","","","","",,,,,"","","","",,0,"","","","","吹田","てすと","52507",0,0,0,"",,0,0,0,"",,0,1,,0,,10950000,9000000,0,,"",,"","",0,0,"","","","","",,,,,,0,,0,"",0,2020/07/31 17:57:39,652870,2020/07/31 17:57:57,652870
1016868,13636,40751,,,10171710,"配偶","52507","ハイグウ","アア",1,2000/01/01,1,,"","","","","","","","",,,,,,,,,,"",,,,,,,,,,,,"",,,"",0,"","",,,,,"","","","",,,,,,0,,,,0,0,"",,0,,,1,0,,,0,,,,"","",0,1,"","","","","",0,1,0,0,0,,,,,0,2020/07/31 17:58:23,652870,2020/08/04 17:23:27,999202007
1016871,13637,40751,10171711,652871,10171711,"てすと","52508","","",1,2000/01/01,0,"","564-0063","大阪府","吹田市江坂町","１丁目２３番地３８号","F&Mビル","スイタシエサカチョウ","１チョウメ２３バンチ３８ゴウ","エフアンドエムビル",1,"","","","","","","","","","makoto_hosotani@fandmnet.com",0000-00-00,0,"","","","","","","","","",,,,,"","","","",,0,"","","","","吹田","てすと","52508",0,0,0,"",,0,0,0,"",,0,1,,0,,10950000,9000000,0,,"",,"","",0,0,"","","","","",,,,,,0,,0,"",0,2020/07/31 18:00:12,652871,2020/07/31 18:00:36,652871
1016872,13637,40751,,,10171711,"配偶","52508","ハイグウ","アア",1,2000/01/01,1,,"","","","","","","","",,,,,,,,,,"",,,,,,,,,,,,"",,,"",0,"","",,,,,"","","","",,,,,,0,,,,0,0,"",,0,,,1,0,1500000,950000,0,,,,"","",0,1,"","","","","",,1,0,0,0,,,,,0,2020/07/31 18:01:10,652871,2020/08/04 17:23:27,999202007
1016876,13638,40751,10171712,652872,10171712,"てすと","52509","","",1,2000/01/01,0,"","564-0063","大阪府","吹田市江坂町","１丁目２３番地３８号","F&Mビル","スイタシエサカチョウ","１チョウメ２３バンチ３８ゴウ","エフアンドエムビル",1,"","","","","","","","","","makoto_hosotani@fandmnet.com",0000-00-00,0,"","","","","","","","","",,,,,"","","","",,0,"","","","","吹田","てすと","52509",0,0,0,"",,0,0,0,"",,0,1,,0,,10950000,9000000,0,,"",,"","",0,0,"","","","","",,,,,,0,,0,"",0,2020/07/31 18:07:31,652872,2020/07/31 18:07:52,652872
1016877,13638,40751,,,10171712,"配偶","52509","ハイグウ","アア",1,2000/01/01,1,,"","","","","","","","",,,,,,,,,,"",,,,,,,,,,,,"",,,"",0,"","",,,,,"","","","",,,,,,0,,,,0,0,"",,0,,,1,0,1500000,950000,0,,,,"","",0,1,"","","","","",1,,0,0,0,,,,,0,2020/07/31 18:08:26,652872,2020/08/04 17:23:27,999202007
1016878,13639,40751,10171713,652873,10171713,"てすと","52510","","",1,2000/01/01,0,"","564-0063","大阪府","吹田市江坂町","１丁目２３番地３８号","F&Mビル","スイタシエサカチョウ","１チョウメ２３バンチ３８ゴウ","エフアンドエムビル",1,"","","","","","","","","","makoto_hosotani@fandmnet.com",0000-00-00,0,"","","","","","","","","",,,,,"","","","",,0,"","","","","吹田","てすと","52510",0,0,0,"",,0,0,0,"",,0,1,,0,,10950000,9000000,0,,"",,"","",0,0,"","","","","",,,,,,0,,0,"",0,2020/07/31 18:10:54,652873,2020/07/31 18:11:17,652873
1016879,13639,40751,,,10171713,"配偶","52510","ハイグウ","アア",2,2000/01/01,2,,"","","","","","","","",,,,,,,,,,"",,,,,,,,,,,,"",,,"",0,"","",,,,,"","","","",,,,,,0,,,,0,0,"",,0,,,1,0,1500000,950000,0,,,,"","",0,1,"","","","","",1,1,0,,0,1,,,,0,2020/07/31 18:11:49,652873,2020/08/04 17:23:38,999202007
1016880,13640,40751,10171714,652874,10171714,"てすと","52511","","",1,2000/01/01,0,"","564-0063","大阪府","吹田市江坂町","１丁目２３番地３８号","F&Mビル","スイタシエサカチョウ","１チョウメ２３バンチ３８ゴウ","エフアンドエムビル",1,"","","","","","","","","","makoto_hosotani@fandmnet.com",0000-00-00,0,"","","","","","","","","",,,,,"","","","",,0,"","","","","吹田","てすと","52511",0,0,0,"",,0,0,0,"",,0,1,,0,,10950000,9000000,0,,"",,"","",0,0,"","","","","",,,,,,0,,0,"",0,2020/07/31 18:14:22,652874,2020/07/31 18:14:37,652874
1016881,13640,40751,,,10171714,"配偶","52511","ハイグウ","アア",2,2000/01/01,2,,"","","","","","","","",,,,,,,,,,"",,,,,,,,,,,,"",,,"",0,"","",,,,,"","","","",,,,,,0,,,,0,0,"",,0,,,1,0,1500001,950001,0,,,,"","",0,1,"","","","","",1,1,0,,0,1,,,,0,2020/07/31 18:15:08,652874,2020/08/04 17:23:38,999202007
1016882,13641,40751,10171715,652875,10171715,"てすと","52512","","",1,2000/01/01,0,"","564-0063","大阪府","吹田市江坂町","１丁目２３番地３８号","F&Mビル","スイタシエサカチョウ","１チョウメ２３バンチ３８ゴウ","エフアンドエムビル",1,"","","","","","","","","","makoto_hosotani@fandmnet.com",0000-00-00,0,"","","","","","","","","",,,,,"","","","",,0,"","","","","吹田","てすと","52512",0,0,0,"",,0,0,0,"",,0,1,,0,,10950001,9000001,0,,"",,"","",0,0,"","","","","",,,,,,0,,0,"",0,2020/07/31 18:24:30,652875,2020/07/31 18:24:52,652875
1016883,13641,40751,,,10171715,"配偶","52512","ハイグウ","アア",2,2000/01/01,2,,"","","","","","","","",,,,,,,,,,"",,,,,,,,,,,,"",,,"",0,"","",,,,,"","","","",,,,,,0,,,,0,0,"",,0,,,1,0,1500000,950000,0,,,,"","",0,1,"","","","","",1,1,0,,0,1,,,,0,2020/07/31 18:25:28,652875,2020/08/04 17:23:38,999202007
1016884,13642,40751,10171716,652876,10171716,"てすと","52513","","",1,2000/01/01,0,"","564-0063","大阪府","吹田市江坂町","１丁目２３番地３８号","F&Mビル","スイタシエサカチョウ","１チョウメ２３バンチ３８ゴウ","エフアンドエムビル",1,"","","","","","","","","","makoto_hosotani@fandmnet.com",0000-00-00,0,"","","","","","","","","",,,,,"","","","",,0,"","","","","吹田","てすと","52513",0,0,0,"",,0,0,0,"",,0,1,,0,,10950000,9000000,0,,"",,"","",0,0,"","","","","",,,,,,0,,0,"",0,2020/07/31 18:27:24,652876,2020/07/31 18:27:39,652876
1016885,13642,40751,,,10171716,"配偶","52513","ハイグウ","アア",2,2000/01/01,2,,"","","","","","","","",,,,,,,,,,"",,,,,,,,,,,,"",,,"",0,"","",,,,,"","","","",,,,,,0,,,,0,0,"",,0,,,1,0,1500000,950000,0,,,,"","",0,1,"","","","","",0,1,0,,0,0,,,,0,2020/07/31 18:28:09,652876,2020/08/04 17:23:57,999202007
1016886,13643,40751,10171717,652877,10171717,"てすと","52514","","",1,2000/01/01,0,"","564-0063","大阪府","吹田市江坂町","１丁目２３番地３８号","F&Mビル","スイタシエサカチョウ","１チョウメ２３バンチ３８ゴウ","エフアンドエムビル",1,"","","","","","","","","","makoto_hosotani@fandmnet.com",0000-00-00,0,"","","","","","","","","",,,,,"","","","",,0,"","","","","吹田","てすと","52514",0,0,0,"",,0,0,0,"",,0,1,,0,,10950000,9000000,0,,"",,"","",0,0,"","","","","",,,,,,0,,0,"",0,2020/07/31 18:29:52,652877,2020/07/31 18:30:12,652877
1016887,13643,40751,,,10171717,"配偶","52514","ハイグウ","アア",2,2000/01/01,2,,"","","","","","","","",,,,,,,,,,"",,,,,,,,,,,,"",,,"",0,"","",,,,,"","","","",,,,,,0,,,,0,0,"",,0,,,1,0,1500000,950000,0,,,,"","",0,1,"","","","","",1,0,0,,0,0,,,,0,2020/07/31 18:30:42,652877,2020/08/04 17:23:57,999202007
1016888,13644,40751,10171718,652878,10171718,"てすと","52515","","",1,2000/01/01,0,"","564-0063","大阪府","吹田市江坂町","１丁目２３番地３８号","F&Mビル","スイタシエサカチョウ","１チョウメ２３バンチ３８ゴウ","エフアンドエムビル",1,"","","","","","","","","","makoto_hosotani@fandmnet.com",0000-00-00,0,"","","","","","","","","",,,,,"","","","",,0,"","","","","吹田","てすと","52515",0,0,0,"",,0,0,0,"",,0,1,,0,,,,0,,"",,"","",0,0,"","","","","",,,,,,0,,0,"",0,2020/07/31 18:32:04,652878,2020/07/31 18:32:19,652878
1016889,13644,40751,,,10171718,"配偶","52515","ハイグウ","アア",2,2000/01/01,2,,"","","","","","","","",,,,,,,,,,"",,,,,,,,,,,,"",,,"",0,"","",,,,,"","","","",,,,,,0,,,,0,0,"",,0,,,1,0,1500000,950000,0,,,,"","",0,1,"","","","","",1,0,0,0,0,,,,,0,2020/07/31 18:32:54,652878,2020/08/04 17:23:27,999202007
1016890,13645,40751,10171719,652879,10171719,"てすと","52516","","",1,2000/01/01,0,"","564-0063","大阪府","吹田市江坂町","１丁目２３番地３８号","F&Mビル","スイタシエサカチョウ","１チョウメ２３バンチ３８ゴウ","エフアンドエムビル",1,"","","","","","","","","","makoto_hosotani@fandmnet.com",0000-00-00,0,"","","","","","","","","",,,,,"","","","",,0,"","","","","吹田","てすと","52516",0,0,0,"",,0,0,0,"",,0,1,,0,,10950000,9000000,0,,"",,"","",0,0,"","","","","",,,,,,0,,0,"",0,2020/07/31 18:34:12,652879,2020/07/31 18:34:31,652879
1016891,13645,40751,,,10171719,"配偶","52516","ハイグウ","アア",2,2000/01/01,2,,"","","","","","","","",,,,,,,,,,"",,,,,,,,,,,,"",,,"",0,"","",,,,,"","","","",,,,,,0,,,,0,0,"",,0,,,1,0,,,0,,,,"","",0,1,"","","","","",0,1,0,0,0,,,,,0,2020/07/31 18:35:00,652879,2020/08/04 17:23:27,999202007
1016892,13646,40751,10171720,652880,10171720,"てすと","52517","","",1,2000/01/01,0,"","564-0063","大阪府","吹田市江坂町","１丁目２３番地３８号","F&Mビル","スイタシエサカチョウ","１チョウメ２３バンチ３８ゴウ","エフアンドエムビル",1,"","","","","","","","","","makoto_hosotani@fandmnet.com",0000-00-00,0,"","","","","","","","","",,,,,"","","","",,0,"","","","","吹田","てすと","52517",0,0,0,"",,0,0,0,"",,0,1,,0,,10950000,9000000,0,,"",,"","",0,0,"","","","","",,,,,,0,,0,"",0,2020/07/31 18:36:10,652880,2020/07/31 18:36:33,652880
1016893,13646,40751,,,10171720,"配偶","52517","ハイグウ","アア",2,2000/01/01,2,,"","","","","","","","",,,,,,,,,,"",,,,,,,,,,,,"",,,"",0,"","",,,,,"","","","",,,,,,0,,,,0,0,"",,0,,,1,0,1500000,950000,0,,,,"","",0,1,"","","","","",,1,0,0,0,,,,,0,2020/07/31 18:37:06,652880,2020/08/04 17:23:27,999202007
1016895,13647,40751,10171721,652881,10171721,"てすと","52518","","",1,2000/01/01,0,"","564-0063","大阪府","吹田市江坂町","１丁目２３番地３８号","F&Mビル","スイタシエサカチョウ","１チョウメ２３バンチ３８ゴウ","エフアンドエムビル",1,"","","","","","","","","","makoto_hosotani@fandmnet.com",0000-00-00,0,"","","","","","","","","",,,,,"","","","",,0,"","","","","吹田","てすと","52518",0,0,0,"",,0,0,0,"",,0,1,,0,,10950000,9000000,0,,"",,"","",0,0,"","","","","",,,,,,0,,0,"",0,2020/07/31 18:39:41,652881,2020/07/31 18:39:57,652881
1016896,13647,40751,,,10171721,"配偶","52518","ハイグウ","アア",2,2000/01/01,2,,"","","","","","","","",,,,,,,,,,"",,,,,,,,,,,,"",,,"",0,"","",,,,,"","","","",,,,,,0,,,,0,0,"",,0,,,1,0,1500000,950000,0,,,,"","",0,1,"","","","","",1,,0,0,0,,,,,0,2020/07/31 18:40:30,652881,2020/08/04 17:23:27,999202007
1016897,13649,40751,10171722,652882,10171722,"てすと","50519","","",1,2000/01/01,0,"","564-0063","大阪府","吹田市江坂町","１丁目２３番地３８号","F&Mビル","スイタシエサカチョウ","１チョウメ２３バンチ３８ゴウ","エフアンドエムビル",1,"","","","","","","","","","makoto_hosotani@fandmnet.com",0000-00-00,0,"","","","","","","","","",,,,,"","","","",,0,"","","","","吹田","てすと","50519",0,0,0,"",,0,0,0,"",,0,1,,0,,10950000,9000000,0,,"",,"","",0,0,"","","","","",,,,,,0,,0,"",0,2020/07/31 18:56:24,652882,2020/07/31 18:56:39,652882
1016898,13649,40751,,,10171722,"配偶","50519","ハイグウ","アア",1,2000/01/01,1,,"","","","","","","","",,,,,,,,,,"",,,,,,,,,,,,"",,,"",0,"","",,,,,"","","","",,,,,,0,,,,0,0,"",,0,,,1,0,1500000,950000,0,,,,"","",0,1,"","","","","",1,1,0,1,0,1,,,,0,2020/07/31 18:57:13,652882,2020/07/31 18:57:13,652882
1016899,13650,40751,10171723,652883,10171723,"てすと","50520","","",1,2000/01/01,0,"","564-0063","大阪府","吹田市江坂町","１丁目２３番地３８号","F&Mビル","スイタシエサカチョウ","１チョウメ２３バンチ３８ゴウ","エフアンドエムビル",1,"","","","","","","","","","makoto_hosotani@fandmnet.com",0000-00-00,0,"","","","","","","","","",,,,,"","","","",,0,"","","","","吹田","てすと","50520",0,0,0,"",,0,0,0,"",,0,1,,0,,10950000,9000000,0,,"",,"","",0,0,"","","","","",,,,,,0,,0,"",0,2020/07/31 19:27:12,652883,2020/07/31 19:27:48,652883
1016900,13650,40751,,,10171723,"配偶","50520","ハイグウ","アア",1,2000/01/01,1,,"","","","","","","","",,,,,,,,,,"",,,,,,,,,,,,"",,,"",0,"","",,,,,"","","","",,,,,,0,,,,0,0,"",,0,,,1,0,1500000,950000,0,,,,"","",0,1,"","","","","",1,1,0,1,0,1,,,,0,2020/07/31 19:28:23,652883,2020/07/31 19:28:23,652883
1016901,13651,40751,10171724,652884,10171724,"てすと","50521","","",1,2000/01/01,0,"","564-0063","大阪府","吹田市江坂町","１丁目２３番地３８号","F&Mビル","スイタシエサカチョウ","１チョウメ２３バンチ３８ゴウ","エフアンドエムビル",1,"","","","","","","","","","makoto_hosotani@fandmnet.com",0000-00-00,0,"","","","","","","","","",,,,,"","","","",,0,"","","","","吹田","てすと","50521",0,0,0,"",,0,0,0,"",,0,1,,0,,10950000,9000000,0,,"",,"","",0,0,"","","","","",,,,,,0,,0,"",0,2020/07/31 19:36:39,652884,2020/07/31 19:37:00,652884
1016902,13651,40751,,,10171724,"配偶","50521","ハイグウ","アア",1,2000/01/01,1,,"","","","","","","","",,,,,,,,,,"",,,,,,,,,,,,"",,,"",0,"","",,,,,"","","","",,,,,,0,,,,0,0,"",,0,,,1,0,1500000,950000,0,,,,"","",0,1,"","","","","",1,1,0,1,0,1,,,,0,2020/07/31 19:37:37,652884,2020/07/31 19:37:37,652884
1016903,13652,40751,10171725,652885,10171725,"てすと","50522","","",1,2000/01/01,0,"","564-0063","大阪府","吹田市江坂町","１丁目２３番地３８号","F&Mビル","スイタシエサカチョウ","１チョウメ２３バンチ３８ゴウ","エフアンドエムビル",1,"","","","","","","","","","makoto_hosotani@fandmnet.com",0000-00-00,0,"","","","","","","","","",,,,,"","","","",,0,"","","","","吹田","てすと","50522",0,0,0,"",,0,0,0,"",,0,1,,0,,10950000,9000000,0,,"",,"","",0,0,"","","","","",,,,,,0,,0,"",0,2020/07/31 19:38:38,652885,2020/07/31 19:38:56,652885
1016904,13652,40751,,,10171725,"配偶","50522","ハイグウ","アア",1,2000/01/01,1,,"","","","","","","","",,,,,,,,,,"",,,,,,,,,,,,"",,,"",0,"","",,,,,"","","","",,,,,,0,,,,0,0,"",,0,,,1,0,1500000,950000,0,,,,"","",0,1,"","","","","",1,1,0,1,0,1,,,,0,2020/07/31 19:39:26,652885,2020/07/31 19:39:26,652885
1016905,13653,40751,10171726,652886,10171726,"てすと","50523","","",1,2000/01/01,0,"","564-0063","大阪府","吹田市江坂町","１丁目２３番地３８号","F&Mビル","スイタシエサカチョウ","１チョウメ２３バンチ３８ゴウ","エフアンドエムビル",1,"","","","","","","","","","makoto_hosotani@fandmnet.com",0000-00-00,0,"","","","","","","","","",,,,,"","","","",,0,"","","","","吹田","てすと","50523",0,0,0,"",,0,0,0,"",,0,1,,0,,10950000,9000000,0,,"",,"","",0,0,"","","","","",,,,,,0,,0,"",0,2020/07/31 19:40:45,652886,2020/07/31 19:41:05,652886
1016906,13653,40751,,,10171726,"配偶","50523","ハイグウ","アア",1,2000/01/01,1,,"","","","","","","","",,,,,,,,,,"",,,,,,,,,,,,"",,,"",0,"","",,,,,"","","","",,,,,,0,,,,0,0,"",,0,,,1,0,1500000,950000,0,,,,"","",0,1,"","","","","",1,1,0,1,0,1,,,,0,2020/07/31 19:41:51,652886,2020/07/31 19:41:51,652886
