﻿"id","task_id","customer_id","employee_id","account_id","employee_dependent_id","shi_name","mei_name","shi_kana","mei_kana","sex","birthday","relationship","relationship_detail","zip","prefectures","address1","address2","address3","address1_kana","address2_kana","address3_kana","resident_address_kbn","resident_zip","resident_prefectures","resident_address1","resident_address2","resident_address3","resident_address1_kana","resident_address2_kana","resident_address3_kana","tel","mail_address","entering_company_date","is_foreigner","shi_name_emergency","mei_name_emergency","shi_kana_emergency","mei_kana_emergency","relation_emergency","tel_emergency","office_emergency","office_tel_emergency","basic_pension_no","select_occupation","student_grade","occupation","foreigner_division","foreign_nationality","roman_character_name","nationality","status_residence","period_stay_to","activity_out_qualification","shi_name_alias","mei_name_alias","shi_kana_alias","mei_kana_alias","municipality_mayor","head_shi_name","head_mei_name","head_relationship","labor_student_div","labor_student_answer","school_name","entering_school_date","kind_income","handicapped_div","kind_notebook","etc_notebook","issuance_date","disability_grade","spouse_div","widow_situation","living_together","overseas_separation","income","income_estimated_amount","other_income_amount","remittance_amount","insured_number_employ","other_income","other_income_shi_name","other_income_mei_name","other_income_relationship","other_income_living_together","other_income_zip","other_income_prefectures","other_income_address1","other_income_address2","other_income_address3","supports_spouse","is_share_same_livelihood","is_no_problem_income_amount","source_deduction_spouse","same_living_spouse_flg","tax_law_support","supports_div","has_dependents","memo","invalid","created_at","created_account_id","updated_at","updated_account_id"
1016959,13691,40829,10179084,653037,10179084,"テスト","２","テスト","ツー",1,1970/01/01,0,"","564-0063","大阪府","吹田市江坂町","１丁目２３番地３８号","F&Mビル","スイタシエサカチョウ","１チョウメ２３バンチ３８ゴウ","エフアンドエムビル",1,"","","","","","","","","","masanori_taguchi@fandmnet.com",0000-00-00,0,"","","","","","","","","",,,,,"","","","",,0,"","","","","吹田","テスト","２",0,0,0,"",,0,0,0,"",,0,0,0,0,,2000000,1320000,0,,"",,"","",0,0,"","","","","",,,,,,0,,1,"test",0,2020/08/03 15:02:58,653037,2020/08/03 15:03:27,653037
1016960,13691,40829,10179139,,10179084,"テスト","２－１","テスト","ツー",1,1970/01/01,3,"","","","","","","","","",,,,,,,,,,"",,,,,,,,,,,,"",,,"",0,"","",,,,,"","","","",,,,,,0,,,,0,0,"",,0,,,1,0,1030000,480000,,,,0,"","",0,1,"","","","","",,,,0,0,1,0,,"test",0,2020/08/03 15:02:58,653037,2020/08/03 15:07:33,653037
1016961,13691,40829,10179140,,10179084,"テスト","２－２","テスト","ツー",1,1970/01/01,3,"","","","","","","","","",,,,,,,,,,"",,,,,,,,,,,,"",,,"",0,"","",,,,,"","","","",,,,,,0,,,,0,0,"",,0,,,1,0,1030001,480001,,,,0,"","",0,1,"","","","","",,,,0,0,0,0,,"test",0,2020/08/03 15:02:58,653037,2020/08/03 15:07:33,653037
1016962,13691,40829,10179141,,10179084,"テスト","２－３","テスト","ツー",1,1970/01/01,3,"","","","","","","","","",,,,,,,,,,"",,,,,,,,,,,,"",,,"",0,"","",,,,,"","","","",,,,,,0,,,,0,0,"",,0,,,1,0,9999,,,,,0,"","",0,1,"","","","","",,,,0,0,1,0,,"test",0,2020/08/03 15:02:58,653037,2020/08/03 15:07:33,653037
1016963,13691,40829,10179142,,10179084,"テスト","２－４","テスト","ツー",2,1970/01/01,99,"","","","","","","","","",,,,,,,,,,"",,,,,,,,,,,,"",,,"",0,"","",,,,,"","","","",,,,,,0,,,,0,0,"",,0,,,1,0,1030000,480000,,,,0,"","",0,1,"","","","","",,,,0,0,1,0,,"test",0,2020/08/03 15:02:58,653037,2020/08/03 15:07:33,653037
1016964,13691,40829,10179143,,10179084,"テスト","２－５","テスト","ツー",2,1970/01/01,99,"","","","","","","","","",,,,,,,,,,"",,,,,,,,,,,,"",,,"",0,"","",,,,,"","","","",,,,,,0,,,,0,0,"",,0,,,1,0,1030001,480001,,,,0,"","",0,1,"","","","","",,,,0,0,0,0,,"test",0,2020/08/03 15:02:58,653037,2020/08/03 15:07:33,653037
1016965,13691,40829,10179144,,10179084,"テスト","２－６","テスト","ツー",2,1970/01/01,99,"","","","","","","","","",,,,,,,,,,"",,,,,,,,,,,,"",,,"",0,"","",,,,,"","","","",,,,,,0,,,,0,0,"",,0,,,1,0,9999,,,,,0,"","",0,1,"","","","","",,,,0,0,1,0,,"test",0,2020/08/03 15:02:58,653037,2020/08/03 15:07:33,653037
1016966,13691,40829,10179145,,10179084,"テスト","２－７","テスト","ツー",1,1970/01/01,,"","","","","","","","","",,,,,,,,,,"",,,,,,,,,,,,"",,,"",0,"","",,,,,"","","","",,,,,,0,,,,0,0,"",,0,,,1,0,1030000,480000,,,,0,"","",0,1,"","","","","",,,,0,0,1,0,,"test",0,2020/08/03 15:02:58,653037,2020/08/03 15:07:33,653037
1016967,13692,40829,10179085,653038,10179085,"テスト","２－８","テスト","ツー",1,1970/01/01,0,"","564-0063","大阪府","吹田市江坂町","１丁目２３番地３８号","F&Mビル","スイタシエサカチョウ","１チョウメ２３バンチ３８ゴウ","エフアンドエムビル",1,"","","","","","","","","","masanori_taguchi@fandmnet.com",0000-00-00,0,"","","","","","","","","",,,,,"","","","",,0,"","","","","吹田","テスト","２－８",0,0,0,"",,0,0,0,"",,0,0,0,0,,2000000,1320000,0,,"",,"","",0,0,"","","","","",,,,,,0,,1,"test",0,2020/08/03 15:09:02,653038,2020/08/03 15:09:27,653038
1016968,13692,40829,10179146,,10179085,"テスト","２－８扶養","テスト","ツー",1,1970/01/01,3,"","","","","","","","","",,,,,,,,,,"",,,,,,,,,,,,"",,,"",0,"","",,,,,"","","","",,,,,,0,,,,0,0,"",,0,,,1,0,1030000,480000,,,,0,"","",0,1,"","","","","",,,,0,0,1,0,,"test",0,2020/08/03 15:09:02,653038,2020/08/03 15:12:59,653038
1016969,13693,40829,10179086,653039,10179086,"テスト","２－９","テスト","ツー",1,1970/01/01,0,"","564-0063","大阪府","吹田市江坂町","１丁目２３番地３８号","F&Mビル","スイタシエサカチョウ","１チョウメ２３バンチ３８ゴウ","エフアンドエムビル",1,"","","","","","","","","","masanori_taguchi@fandmnet.com",0000-00-00,0,"","","","","","","","","",,,,,"","","","",,0,"","","","","吹田","テスト","２－９",0,0,0,"",,0,0,0,"",,0,0,0,0,,2000000,1320000,0,,"",,"","",0,0,"","","","","",,,,,,0,,1,"test",0,2020/08/03 15:13:26,653039,2020/08/03 15:13:56,653039
1016970,13693,40829,10179147,,10179086,"テスト","２－９扶養","テスト","ツー",1,1970/01/01,3,"","","","","","","","","",,,,,,,,,,"",,,,,,,,,,,,"",,,"",0,"","",,,,,"","","","",,,,,,0,,,,0,0,"",,0,,,1,0,1030000,480000,,,,0,"","",0,1,"","","","","",,,,0,0,1,0,,"test",0,2020/08/03 15:13:26,653039,2020/08/03 15:14:49,653039
1016971,13694,40829,10179087,653040,10179087,"テスト","２－１０","テスト","ツー",1,1970/01/01,0,"","564-0063","大阪府","吹田市江坂町","１丁目２３番地３８号","F&Mビル","スイタシエサカチョウ","１チョウメ２３バンチ３８ゴウ","エフアンドエムビル",1,"","","","","","","","","","masanori_taguchi@fandmnet.com",0000-00-00,0,"","","","","","","","","",,,,,"","","","",,0,"","","","","吹田","テスト","２－１０",0,0,0,"",,0,0,0,"",,0,0,0,0,,1030000,480000,0,,"",,"","",0,0,"","","","","",,,,,,0,,1,"test",0,2020/08/03 15:15:17,653040,2020/08/03 15:15:53,653040
1016972,13694,40829,10179148,,10179087,"テスト","２－１０扶養","テスト","ツー",1,1970/01/01,3,"","","","","","","","","",,,,,,,,,,"",,,,,,,,,,,,"",,,"",0,"","",,,,,"","","","",,,,,,0,,,,0,0,"",,0,,,1,0,1030000,480000,,,,0,"","",0,1,"","","","","",,,,0,0,1,0,,"test",0,2020/08/03 15:15:17,653040,2020/08/03 15:16:33,653040
1016973,13695,40829,10179088,653041,10179088,"テスト","２－１１","テスト","ツー",1,1970/01/01,0,"","564-0063","大阪府","吹田市江坂町","１丁目２３番地３８号","F&Mビル","スイタシエサカチョウ","１チョウメ２３バンチ３８ゴウ","エフアンドエムビル",1,"","","","","","","","","","masanori_taguchi@fandmnet.com",0000-00-00,0,"","","","","","","","","",,,,,"","","","",,0,"","","","","吹田","テスト","２－１１",0,0,0,"",,0,0,0,"",,0,0,0,0,,2000000,1320000,0,,"",,"","",0,0,"","","","","",,,,,,0,,1,"test",0,2020/08/03 15:17:07,653041,2020/08/03 15:17:35,653041
1016974,13695,40829,10179149,,10179088,"テスト","２－１１扶養","テスト","ツー",1,1970/01/01,3,"","","","","","","","","",,,,,,,,,,"",,,,,,,,,,,,"",,,"",0,"","",,,,,"","","","",,,,,,0,,,,0,0,"",,0,,,1,0,1030000,480000,,,,0,"","",0,1,"","","","","",,,,0,0,1,0,,"test",0,2020/08/03 15:17:07,653041,2020/08/03 15:18:11,653041
1016975,13696,40829,10179089,653042,10179089,"テスト","２－１２","テスト","ツー",1,1970/01/01,0,"","564-0063","大阪府","吹田市江坂町","１丁目２３番地３８号","F&Mビル","スイタシエサカチョウ","１チョウメ２３バンチ３８ゴウ","エフアンドエムビル",1,"","","","","","","","","","masanori_taguchi@fandmnet.com",0000-00-00,0,"","","","","","","","","",,,,,"","","","",,0,"","","","","吹田","テスト","２－１２",0,0,0,"",,0,0,0,"",,0,0,0,0,,2000000,1320000,0,,"",,"","",0,0,"","","","","",,,,,,0,,1,"test",0,2020/08/03 15:18:37,653042,2020/08/03 15:19:10,653042
1016976,13696,40829,10179150,,10179089,"テスト","２－１２扶養","テスト","ツー",1,1970/01/01,3,"","","","","","","","","",,,,,,,,,,"",,,,,,,,,,,,"",,,"",0,"","",,,,,"","","","",,,,,,0,,,,0,0,"",,0,,,1,0,1030000,480000,,,,0,"","",0,1,"","","","","",,,,0,0,1,0,,"test",0,2020/08/03 15:18:37,653042,2020/08/03 15:19:47,653042
1016977,13697,40829,10179090,653043,10179090,"テスト","３－１","テスト","スリー",2,1970/01/01,0,"","564-0063","大阪府","吹田市江坂町","１丁目２３番地３８号","F&Mビル","スイタシエサカチョウ","１チョウメ２３バンチ３８ゴウ","エフアンドエムビル",1,"","","","","","","","","","masanori_taguchi@fandmnet.com",0000-00-00,0,"","","","","","","","","",,,,,"","","","",,0,"","","","","吹田","テスト","３－１",0,0,0,"",,0,0,0,"",,0,1,,0,,2000000,1320000,0,,"",,"","",0,0,"","","","","",,,,,,0,,0,"",0,2020/08/03 15:40:33,653043,2020/08/03 15:40:57,653043
1016978,13697,40829,10179151,,10179090,"テスト","３－１配偶者","テスト","スリー",1,1970/01/01,1,"","","","","","","","","",,,,,,,,,,"",,,,,,,,,,,,"",,,"",0,"","",,,,,"","","","",,,,,,0,,,,0,0,"",,0,,,1,0,1030000,480000,0,,,,"","",0,1,"","","","","",,,,,,,,,"",0,2020/08/03 15:40:33,653043,2020/08/04 11:16:52,999202007
1016979,13698,40829,10179091,653044,10179091,"テスト","３－２","テスト","スリー",2,1970/01/01,0,"","564-0063","大阪府","吹田市江坂町","１丁目２３番地３８号","F&Mビル","スイタシエサカチョウ","１チョウメ２３バンチ３８ゴウ","エフアンドエムビル",1,"","","","","","","","","","masanori_taguchi@fandmnet.com",0000-00-00,0,"","","","","","","","","",,,,,"","","","",,0,"","","","","吹田","テスト","３－２",0,0,0,"",,0,0,0,"",,0,1,,0,,2000000,1320000,0,,"",,"","",0,0,"","","","","",,,,,,0,,0,"",0,2020/08/03 15:42:19,653044,2020/08/03 15:42:42,653044
1016980,13698,40829,10179152,,10179091,"テスト","３－２配偶者","テスト","スリー",1,1970/01/01,1,"","","","","","","","","",,,,,,,,,,"",,,,,,,,,,,,"",,,"",0,"","",,,,,"","","","",,,,,,0,,,,0,0,"",,0,,,1,0,1030001,480001,0,,,,"","",0,1,"","","","","",,,,,,,,,"",0,2020/08/03 15:42:19,653044,2020/08/04 11:16:52,999202007
1016981,13699,40829,10179092,653045,10179092,"テスト","３－３","テスト","スリー",2,1970/01/01,0,"","564-0063","大阪府","吹田市江坂町","１丁目２３番地３８号","F&Mビル","スイタシエサカチョウ","１チョウメ２３バンチ３８ゴウ","エフアンドエムビル",1,"","","","","","","","","","masanori_taguchi@fandmnet.com",0000-00-00,0,"","","","","","","","","",,,,,"","","","",,0,"","","","","吹田","テスト","３－３",0,0,0,"",,0,0,0,"",,0,1,,0,,2000000,1320000,0,,"",,"","",0,0,"","","","","",,,,,,0,,0,"",0,2020/08/03 15:43:54,653045,2020/08/03 15:44:26,653045
1016982,13699,40829,10179153,,10179092,"テスト","３－３配偶者","テスト","スリー",1,1970/01/01,1,"","","","","","","","","",,,,,,,,,,"",,,,,,,,,,,,"",,,"",0,"","",,,,,"","","","",,,,,,0,,,,0,0,"",,0,,,1,0,1030000,,0,,,,"","",0,1,"","","","","",,,,,,,,,"",0,2020/08/03 15:43:54,653045,2020/08/04 11:16:52,999202007
1016983,13700,40829,10179093,653046,10179093,"テスト","３－４","テスト","スリー",2,1970/01/01,0,"","564-0063","大阪府","吹田市江坂町","１丁目２３番地３８号","F&Mビル","スイタシエサカチョウ","１チョウメ２３バンチ３８ゴウ","エフアンドエムビル",1,"","","","","","","","","","masanori_taguchi@fandmnet.com",0000-00-00,0,"","","","","","","","","",,,,,"","","","",,0,"","","","","吹田","テスト","３－４",0,0,0,"",,0,0,0,"",,0,1,,0,,2000000,1320000,0,,"",,"","",0,0,"","","","","",,,,,,0,,0,"",0,2020/08/03 15:45:59,653046,2020/08/03 15:46:31,653046
1016984,13700,40829,10179154,,10179093,"テスト","３－４配偶者","テスト","スリー",1,1970/01/01,1,"","","","","","","","","",,,,,,,,,,"",,,,,,,,,,,,"",,,"",0,"","",,,,,"","","","",,,,,,0,,,,0,0,"",,0,,,1,0,1030000,480000,0,,,,"","",0,1,"","","","","",,,,,,,,,"",0,2020/08/03 15:45:59,653046,2020/08/04 11:16:52,999202007
1016985,13701,40829,10179094,653047,10179094,"テスト","３－５","テスト","スリー",2,1970/01/01,0,"","564-0063","大阪府","吹田市江坂町","１丁目２３番地３８号","F&Mビル","スイタシエサカチョウ","１チョウメ２３バンチ３８ゴウ","エフアンドエムビル",1,"","","","","","","","","","masanori_taguchi@fandmnet.com",0000-00-00,0,"","","","","","","","","",,,,,"","","","",,0,"","","","","吹田","テスト","３－５",0,0,0,"",,0,0,0,"",,0,1,,0,,2000000,1320000,0,,"",,"","",0,0,"","","","","",,,,,,0,,0,"",0,2020/08/03 15:47:29,653047,2020/08/03 15:48:01,653047
1016986,13701,40829,10179155,,10179094,"テスト","３－５配偶者","テスト","スリー",1,1970/01/01,1,"","","","","","","","","",,,,,,,,,,"",,,,,,,,,,,,"",,,"",0,"","",,,,,"","","","",,,,,,0,,,,0,0,"",,0,,,1,0,1030000,480000,0,,,,"","",0,1,"","","","","",,,,,,,,,"",0,2020/08/03 15:47:29,653047,2020/08/04 11:16:52,999202007
1016987,13702,40829,10179095,653048,10179095,"テスト","３－６","テスト","スリー",1,1970/01/01,0,"","564-0063","大阪府","吹田市江坂町","１丁目２３番地３８号","F&Mビル","スイタシエサカチョウ","１チョウメ２３バンチ３８ゴウ","エフアンドエムビル",1,"","","","","","","","","","masanori_taguchi@fandmnet.com",0000-00-00,0,"","","","","","","","","",,,,,"","","","",,0,"","","","","吹田","テスト","３－６",0,0,0,"",,0,0,0,"",,0,1,,0,,2000000,1320000,0,,"",,"","",0,0,"","","","","",,,,,,0,,0,"",0,2020/08/03 15:49:22,653048,2020/08/03 15:49:44,653048
1016988,13702,40829,10179156,,10179095,"テスト","３－６配偶者","テスト","スリー",2,1970/01/01,2,"","","","","","","","","",,,,,,,,,,"",,,,,,,,,,,,"",,,"",0,"","",,,,,"","","","",,,,,,0,,,,0,0,"",,0,,,1,0,1030000,480000,0,,,,"","",0,1,"","","","","",,,,,,,,,"",0,2020/08/03 15:49:22,653048,2020/08/04 11:16:52,999202007
1016989,13703,40829,10179096,653049,10179096,"テスト","３－７","テスト","スリー",1,1970/01/01,0,"","564-0063","大阪府","吹田市江坂町","１丁目２３番地３８号","F&Mビル","スイタシエサカチョウ","１チョウメ２３バンチ３８ゴウ","エフアンドエムビル",1,"","","","","","","","","","masanori_taguchi@fandmnet.com",0000-00-00,0,"","","","","","","","","",,,,,"","","","",,0,"","","","","吹田","テスト","３－７",0,0,0,"",,0,0,0,"",,0,1,,0,,2000000,1320000,0,,"",,"","",0,0,"","","","","",,,,,,0,,0,"",0,2020/08/03 15:50:42,653049,2020/08/03 15:51:07,653049
1016990,13703,40829,10179157,,10179096,"テスト","３－７配偶者","テスト","スリー",2,1970/01/01,2,"","","","","","","","","",,,,,,,,,,"",,,,,,,,,,,,"",,,"",0,"","",,,,,"","","","",,,,,,0,,,,0,0,"",,0,,,1,0,1030000,480000,0,,,,"","",0,1,"","","","","",,,,,,,,,"",0,2020/08/03 15:50:42,653049,2020/08/04 11:16:52,999202007
1016991,13704,40829,10179097,653050,10179097,"テスト","３－８","テスト","スリー",1,1970/01/01,0,"","564-0063","大阪府","吹田市江坂町","１丁目２３番地３８号","F&Mビル","スイタシエサカチョウ","１チョウメ２３バンチ３８ゴウ","エフアンドエムビル",1,"","","","","","","","","","masanori_taguchi@fandmnet.com",0000-00-00,0,"","","","","","","","","",,,,,"","","","",,0,"","","","","吹田","テスト","３－８",0,0,0,"",,0,0,0,"",,0,1,,0,,2000000,1320000,0,,"",,"","",0,0,"","","","","",,,,,,0,,0,"",0,2020/08/03 15:52:05,653050,2020/08/03 15:52:28,653050
1016992,13704,40829,10179158,,10179097,"テスト","３－８配偶者","テスト","スリー",2,1970/01/01,2,"","","","","","","","","",,,,,,,,,,"",,,,,,,,,,,,"",,,"",0,"","",,,,,"","","","",,,,,,0,,,,0,0,"",,0,,,1,0,1030000,,0,,,,"","",0,1,"","","","","",,,,,,,,,"",0,2020/08/03 15:52:05,653050,2020/08/04 11:16:52,999202007
1016993,13705,40829,10179098,653051,10179098,"テスト","３－９","テスト","スリー",1,1970/01/01,0,"","564-0063","大阪府","吹田市江坂町","１丁目２３番地３８号","F&Mビル","スイタシエサカチョウ","１チョウメ２３バンチ３８ゴウ","エフアンドエムビル",1,"","","","","","","","","","masanori_taguchi@fandmnet.com",0000-00-00,0,"","","","","","","","","",,,,,"","","","",,0,"","","","","吹田","テスト","３－９",0,0,0,"",,0,0,0,"",,0,1,,0,,2000000,1320000,0,,"",,"","",0,0,"","","","","",,,,,,0,,0,"",0,2020/08/03 15:53:33,653051,2020/08/03 15:53:59,653051
1016994,13705,40829,10179159,,10179098,"テスト","３－９配偶者","テスト","スリー",2,1970/01/01,2,"","","","","","","","","",,,,,,,,,,"",,,,,,,,,,,,"",,,"",0,"","",,,,,"","","","",,,,,,0,,,,0,0,"",,0,,,1,0,1030000,480000,0,,,,"","",0,1,"","","","","",,,,,,,,,"",0,2020/08/03 15:53:33,653051,2020/08/04 11:16:52,999202007
1016995,13706,40829,10179099,653052,10179099,"テスト","３－１０","テスト","スリー",1,1970/01/01,0,"","564-0063","大阪府","吹田市江坂町","１丁目２３番地３８号","F&Mビル","スイタシエサカチョウ","１チョウメ２３バンチ３８ゴウ","エフアンドエムビル",1,"","","","","","","","","","masanori_taguchi@fandmnet.com",0000-00-00,0,"","","","","","","","","",,,,,"","","","",,0,"","","","","吹田","テスト","３－１０",0,0,0,"",,0,0,0,"",,0,1,,0,,2000000,1320000,0,,"",,"","",0,0,"","","","","",,,,,,0,,0,"",0,2020/08/03 15:55:14,653052,2020/08/03 15:55:45,653052
1016996,13706,40829,10179160,,10179099,"テスト","３－１０配偶者","テスト","スリー",2,1970/01/01,2,"","","","","","","","","",,,,,,,,,,"",,,,,,,,,,,,"",,,"",0,"","",,,,,"","","","",,,,,,0,,,,0,0,"",,0,,,1,0,1030000,480000,0,,,,"","",0,1,"","","","","",,,,,,,,,"",0,2020/08/03 15:55:14,653052,2020/08/04 11:16:52,999202007
1016997,13707,40829,10179100,653053,10179100,"テスト","３－１１","テスト","スリー",2,1970/01/01,0,"","564-0063","大阪府","吹田市江坂町","１丁目２３番地３８号","F&Mビル","スイタシエサカチョウ","１チョウメ２３バンチ３８ゴウ","エフアンドエムビル",1,"","","","","","","","","","masanori_taguchi@fandmnet.com",0000-00-00,0,"","","","","","","","","",,,,,"","","","",,0,"","","","","吹田","テスト","３－１１",0,0,0,"",,0,0,0,"",,0,1,,0,,2000000,1320000,0,,"",,"","",0,0,"","","","","",,,,,,0,,0,"",0,2020/08/03 15:56:50,653053,2020/08/03 15:57:16,653053
1016998,13707,40829,10179161,,10179100,"テスト","３－１１配偶者","テスト","スリー",1,1970/01/01,1,"","","","","","","","","",,,,,,,,,,"",,,,,,,,,,,,"",,,"",0,"","",,,,,"","","","",,,,,,0,,,,0,0,"",,0,,,1,0,1030000,480000,0,,,,"","",0,1,"","","","","",,,,,,,,,"",0,2020/08/03 15:56:50,653053,2020/08/04 11:16:52,999202007
1016999,13708,40829,10179101,653054,10179101,"テスト","３－１２","テスト","スリー",2,1970/01/01,0,"","564-0063","大阪府","吹田市江坂町","１丁目２３番地３８号","F&Mビル","スイタシエサカチョウ","１チョウメ２３バンチ３８ゴウ","エフアンドエムビル",1,"","","","","","","","","","masanori_taguchi@fandmnet.com",0000-00-00,0,"","","","","","","","","",,,,,"","","","",,0,"","","","","吹田","テスト","３－１２",0,0,0,"",,0,0,0,"",,0,1,,0,,2000000,1320000,0,,"",,"","",0,0,"","","","","",,,,,,0,,0,"",0,2020/08/03 15:58:26,653054,2020/08/03 15:58:51,653054
1017000,13708,40829,10179162,,10179101,"テスト","３－１２配偶者","テスト","スリー",1,1970/01/01,1,"","","","","","","","","",,,,,,,,,,"",,,,,,,,,,,,"",,,"",0,"","",,,,,"","","","",,,,,,0,,,,0,0,"",,0,,,1,0,1030000,480000,0,,,,"","",0,1,"","","","","",,,,,,,,,"",0,2020/08/03 15:58:26,653054,2020/08/04 11:16:52,999202007
1017002,13709,40829,10179102,653055,10179102,"テスト","３－１３","テスト","スリー",2,1970/01/01,0,"","564-0063","大阪府","吹田市江坂町","１丁目２３番地３８号","F&Mビル","スイタシエサカチョウ","１チョウメ２３バンチ３８ゴウ","エフアンドエムビル",1,"","","","","","","","","","masanori_taguchi@fandmnet.com",0000-00-00,0,"","","","","","","","","",,,,,"","","","",,0,"","","","","吹田","テスト","３－１３",0,0,0,"",,0,0,0,"",,0,1,,0,,2000000,1320000,0,,"",,"","",0,0,"","","","","",,,,,,0,,0,"",0,2020/08/03 16:19:47,653055,2020/08/03 16:20:09,653055
1017003,13709,40829,10179163,,10179102,"テスト","３－１３配偶者","テスト","スリー",1,1970/01/01,1,"","","","","","","","","",,,,,,,,,,"",,,,,,,,,,,,"",,,"",0,"","",,,,,"","","","",,,,,,0,,,,0,0,"",,0,,,1,0,1030000,,0,,,,"","",0,1,"","","","","",,,,,,,,,"",0,2020/08/03 16:19:47,653055,2020/08/04 11:16:52,999202007
1017004,13710,40829,10179103,653056,10179103,"テスト","３－１４","テスト","スリー",2,1970/01/01,0,"","564-0063","大阪府","吹田市江坂町","１丁目２３番地３８号","F&Mビル","スイタシエサカチョウ","１チョウメ２３バンチ３８ゴウ","エフアンドエムビル",1,"","","","","","","","","","masanori_taguchi@fandmnet.com",0000-00-00,0,"","","","","","","","","",,,,,"","","","",,0,"","","","","吹田","テスト","３－１４",0,0,0,"",,0,0,0,"",,0,1,,0,,2000000,1320000,0,,"",,"","",0,0,"","","","","",,,,,,0,,0,"",0,2020/08/03 16:21:01,653056,2020/08/03 16:21:18,653056
1017005,13710,40829,10179164,,10179103,"テスト","３－１４配偶者","テスト","スリー",1,1970/01/01,1,"","","","","","","","","",,,,,,,,,,"",,,,,,,,,,,,"",,,"",0,"","",,,,,"","","","",,,,,,0,,,,0,0,"",,0,,,1,0,1030000,480000,0,,,,"","",0,1,"","","","","",,,,,,,,,"",0,2020/08/03 16:21:01,653056,2020/08/04 11:16:52,999202007
1017006,13711,40829,10179104,653057,10179104,"テスト","３－１５","テスト","スリー",2,1970/01/01,0,"","564-0063","大阪府","吹田市江坂町","１丁目２３番地３８号","F&Mビル","スイタシエサカチョウ","１チョウメ２３バンチ３８ゴウ","エフアンドエムビル",1,"","","","","","","","","","masanori_taguchi@fandmnet.com",0000-00-00,0,"","","","","","","","","",,,,,"","","","",,0,"","","","","吹田","テスト","３－１５",0,0,0,"",,0,0,0,"",,0,1,,0,,2000000,1320000,0,,"",,"","",0,0,"","","","","",,,,,,0,,0,"",0,2020/08/03 16:22:18,653057,2020/08/03 16:22:52,653057
1017007,13711,40829,10179165,,10179104,"テスト","３－１５配偶者","テスト","スリー",1,1970/01/01,1,"","","","","","","","","",,,,,,,,,,"",,,,,,,,,,,,"",,,"",0,"","",,,,,"","","","",,,,,,0,,,,0,0,"",,0,,,1,0,1030000,480000,0,,,,"","",0,1,"","","","","",,,,,,,,,"",0,2020/08/03 16:22:18,653057,2020/08/04 11:16:52,999202007
1017008,13712,40829,10179105,653058,10179105,"テスト","３－１６","テスト","スリー",1,1970/01/01,0,"","564-0063","大阪府","吹田市江坂町","１丁目２３番地３８号","F&Mビル","スイタシエサカチョウ","１チョウメ２３バンチ３８ゴウ","エフアンドエムビル",1,"","","","","","","","","","masanori_taguchi@fandmnet.com",0000-00-00,0,"","","","","","","","","",,,,,"","","","",,0,"","","","","吹田","テスト","３－１６",0,0,0,"",,0,0,0,"",,0,1,,0,,2000000,1320000,0,,"",,"","",0,0,"","","","","",,,,,,0,,0,"",0,2020/08/03 16:23:48,653058,2020/08/03 16:24:07,653058
1017009,13712,40829,10179166,,10179105,"テスト","３－１６配偶者","テスト","スリー",2,1970/01/01,2,"","","","","","","","","",,,,,,,,,,"",,,,,,,,,,,,"",,,"",0,"","",,,,,"","","","",,,,,,0,,,,0,0,"",,0,,,1,0,1030000,480000,0,,,,"","",0,1,"","","","","",,,,,,,,,"",0,2020/08/03 16:23:48,653058,2020/08/04 11:16:52,999202007
1017010,13713,40829,10179106,653059,10179106,"テスト","３－１７","テスト","スリー",1,1970/01/01,0,"","564-0063","大阪府","吹田市江坂町","１丁目２３番地３８号","F&Mビル","スイタシエサカチョウ","１チョウメ２３バンチ３８ゴウ","エフアンドエムビル",1,"","","","","","","","","","masanori_taguchi@fandmnet.com",0000-00-00,0,"","","","","","","","","",,,,,"","","","",,0,"","","","","吹田","テスト","３－１７",0,0,0,"",,0,0,0,"",,0,1,,0,,2000000,1320000,0,,"",,"","",0,0,"","","","","",,,,,,0,,0,"",0,2020/08/03 16:25:04,653059,2020/08/03 16:25:24,653059
1017011,13713,40829,10179167,,10179106,"テスト","３－１７配偶者","テスト","スリー",2,1970/01/01,2,"","","","","","","","","",,,,,,,,,,"",,,,,,,,,,,,"",,,"",0,"","",,,,,"","","","",,,,,,0,,,,0,0,"",,0,,,1,0,1030000,480000,0,,,,"","",0,1,"","","","","",,,,,,,,,"",0,2020/08/03 16:25:04,653059,2020/08/04 11:16:52,999202007
1017012,13714,40829,10179107,653060,10179107,"テスト","３－１８","テスト","スリー",1,1970/01/01,0,"","564-0063","大阪府","吹田市江坂町","１丁目２３番地３８号","F&Mビル","スイタシエサカチョウ","１チョウメ２３バンチ３８ゴウ","エフアンドエムビル",1,"","","","","","","","","","masanori_taguchi@fandmnet.com",0000-00-00,0,"","","","","","","","","",,,,,"","","","",,0,"","","","","吹田","テスト","３－１８",0,0,0,"",,0,0,0,"",,0,1,,0,,2000000,1320000,0,,"",,"","",0,0,"","","","","",,,,,,0,,0,"",0,2020/08/03 16:26:15,653060,2020/08/03 16:26:32,653060
1017013,13714,40829,10179168,,10179107,"テスト","３－１８配偶者","テスト","スリー",2,1970/01/01,2,"","","","","","","","","",,,,,,,,,,"",,,,,,,,,,,,"",,,"",0,"","",,,,,"","","","",,,,,,0,,,,0,0,"",,0,,,1,0,1030000,,0,,,,"","",0,1,"","","","","",,,,,,,,,"",0,2020/08/03 16:26:15,653060,2020/08/04 11:16:52,999202007
1017014,13715,40829,10179108,653061,10179108,"テスト","３－１９","テスト","スリー",1,1970/01/01,0,"","564-0063","大阪府","吹田市江坂町","１丁目２３番地３８号","F&Mビル","スイタシエサカチョウ","１チョウメ２３バンチ３８ゴウ","エフアンドエムビル",1,"","","","","","","","","","masanori_taguchi@fandmnet.com",0000-00-00,0,"","","","","","","","","",,,,,"","","","",,0,"","","","","吹田","テスト","３－１９",0,0,0,"",,0,0,0,"",,0,1,,0,,2000000,1320000,0,,"",,"","",0,0,"","","","","",,,,,,0,,0,"",0,2020/08/03 16:27:22,653061,2020/08/03 16:27:44,653061
1017015,13715,40829,10179169,,10179108,"テスト","３－１９配偶者","テスト","スリー",2,1970/01/01,2,"","","","","","","","","",,,,,,,,,,"",,,,,,,,,,,,"",,,"",0,"","",,,,,"","","","",,,,,,0,,,,0,0,"",,0,,,1,0,1030000,480000,0,,,,"","",0,1,"","","","","",,,,,,,,,"",0,2020/08/03 16:27:22,653061,2020/08/04 11:16:52,999202007
1017016,13716,40829,10179109,653062,10179109,"テスト","３－２０","テスト","スリー",1,1970/01/01,0,"","564-0063","大阪府","吹田市江坂町","１丁目２３番地３８号","F&Mビル","スイタシエサカチョウ","１チョウメ２３バンチ３８ゴウ","エフアンドエムビル",1,"","","","","","","","","","masanori_taguchi@fandmnet.com",0000-00-00,0,"","","","","","","","","",,,,,"","","","",,0,"","","","","吹田","テスト","３－２０",0,0,0,"",,0,0,0,"",,0,1,,0,,2000000,1320000,0,,"",,"","",0,0,"","","","","",,,,,,0,,0,"",0,2020/08/03 16:28:33,653062,2020/08/03 16:28:51,653062
1017017,13716,40829,10179170,,10179109,"テスト","３－２０配偶者","テスト","スリー",2,1970/01/01,2,"","","","","","","","","",,,,,,,,,,"",,,,,,,,,,,,"",,,"",0,"","",,,,,"","","","",,,,,,0,,,,0,0,"",,0,,,1,0,1030000,480000,0,,,,"","",0,1,"","","","","",,,,,,,,,"",0,2020/08/03 16:28:33,653062,2020/08/04 11:16:52,999202007
1017018,13717,40829,10179110,653063,10179110,"テスト","３－２１","テスト","スリー",2,1970/01/01,0,"","564-0063","大阪府","吹田市江坂町","１丁目２３番地３８号","F&Mビル","スイタシエサカチョウ","１チョウメ２３バンチ３８ゴウ","エフアンドエムビル",1,"","","","","","","","","","masanori_taguchi@fandmnet.com",0000-00-00,0,"","","","","","","","","",,,,,"","","","",,0,"","","","","吹田","テスト","３－２１",0,0,0,"",,0,0,0,"",,0,1,,0,,2000000,1320000,0,,"",,"","",0,0,"","","","","",,,,,,0,,0,"",0,2020/08/03 16:29:51,653063,2020/08/03 16:30:17,653063
1017019,13717,40829,10179171,,10179110,"テスト","３－２１配偶者","テスト","スリー",1,1970/01/01,1,"","564-0063","大阪府","吹田市江坂町","１丁目２３番地３８号","F&Mビル","スイタシエサカチョウ","１チョウメ２３バンチ３８ゴウ","エフアンドエムビル",,,,,,,,,,"",,,,,,,,,,,,"",0,,"",0,"","",,,,,"","","","",,,,,,0,,,0,0,,"",,,,,1,0,2000000,1320000,0,,,,"","",,,"","","","","",,,,,1,,,,"",0,2020/08/03 16:29:51,653063,2020/08/03 17:52:23,653029
1017020,13718,40829,10179111,653064,10179111,"テスト","３－２２","テスト","スリー",2,1970/01/01,0,"","564-0063","大阪府","吹田市江坂町","１丁目２３番地３８号","F&Mビル","スイタシエサカチョウ","１チョウメ２３バンチ３８ゴウ","エフアンドエムビル",1,"","","","","","","","","","masanori_taguchi@fandmnet.com",0000-00-00,0,"","","","","","","","","",,,,,"","","","",,0,"","","","","吹田","テスト","３－２２",0,0,0,"",,0,0,0,"",,0,1,,0,,2000000,1320000,0,,"",,"","",0,0,"","","","","",,,,,,0,,0,"",0,2020/08/03 16:31:15,653064,2020/08/03 16:31:32,653064
1017021,13718,40829,10179172,,10179111,"テスト","３－２２配偶者","テスト","スリー",1,1970/01/01,1,"","","","","","","","","",,,,,,,,,,"",,,,,,,,,,,,"",,,"",0,"","",,,,,"","","","",,,,,,0,,,,0,0,"",,0,,,1,0,1030000,480000,0,,,,"","",0,1,"","","","","",,,,,1,,,,"",0,2020/08/03 16:31:15,653064,2020/08/03 16:31:53,653064
1017022,13719,40829,10179112,653065,10179112,"テスト","３－２３","テスト","スリー",2,1970/01/01,0,"","564-0063","大阪府","吹田市江坂町","１丁目２３番地３８号","F&Mビル","スイタシエサカチョウ","１チョウメ２３バンチ３８ゴウ","エフアンドエムビル",1,"","","","","","","","","","masanori_taguchi@fandmnet.com",0000-00-00,0,"","","","","","","","","",,,,,"","","","",,0,"","","","","吹田","テスト","３－２３",0,0,0,"",,0,0,0,"",,0,1,,0,,2000000,1320000,0,,"",,"","",0,0,"","","","","",,,,,,0,,0,"",0,2020/08/03 16:33:37,653065,2020/08/03 16:33:55,653065
1017023,13719,40829,10179173,,10179112,"テスト","３－２３配偶者","テスト","スリー",1,1970/01/01,1,"","","","","","","","","",,,,,,,,,,"",,,,,,,,,,,,"",,,"",0,"","",,,,,"","","","",,,,,,0,,,,0,0,"",,0,,,1,0,1030000,480000,0,,,,"","",0,1,"","","","","",,,,,1,,,,"",0,2020/08/03 16:33:37,653065,2020/08/03 16:34:17,653065
1017024,13720,40829,10179113,653066,10179113,"テスト","３－２４","テスト","スリー",2,1970/01/01,0,"","564-0063","大阪府","吹田市江坂町","１丁目２３番地３８号","F&Mビル","スイタシエサカチョウ","１チョウメ２３バンチ３８ゴウ","エフアンドエムビル",1,"","","","","","","","","","masanori_taguchi@fandmnet.com",0000-00-00,0,"","","","","","","","","",,,,,"","","","",,0,"","","","","吹田","テスト","３－２４",0,0,0,"",,0,0,0,"",,0,1,,0,,2000000,1320000,0,,"",,"","",0,0,"","","","","",,,,,,0,,0,"",0,2020/08/03 16:34:59,653066,2020/08/03 16:35:25,653066
1017025,13720,40829,10179174,,10179113,"テスト","３－２４配偶者","テスト","スリー",1,1970/01/01,1,"","","","","","","","","",,,,,,,,,,"",,,,,,,,,,,,"",,,"",0,"","",,,,,"","","","",,,,,,0,,,,0,0,"",,0,,,1,0,1030000,480000,0,,,,"","",0,1,"","","","","",,,,,1,,,,"",0,2020/08/03 16:34:59,653066,2020/08/03 16:36:09,653066
1017026,13721,40829,10179114,653067,10179114,"テスト","３－２５","テスト","スリー",2,1970/01/01,0,"","564-0063","大阪府","吹田市江坂町","１丁目２３番地３８号","F&Mビル","スイタシエサカチョウ","１チョウメ２３バンチ３８ゴウ","エフアンドエムビル",1,"","","","","","","","","","masanori_taguchi@fandmnet.com",0000-00-00,0,"","","","","","","","","",,,,,"","","","",,0,"","","","","吹田","テスト","３－２５",0,0,0,"",,0,0,0,"",,0,1,,0,,2000000,1320000,0,,"",,"","",0,0,"","","","","",,,,,,0,,0,"",0,2020/08/03 16:36:41,653067,2020/08/03 16:37:04,653067
1017027,13721,40829,10179175,,10179114,"テスト","３－２５配偶者","テスト","スリー",1,1970/01/01,1,"","","","","","","","","",,,,,,,,,,"",,,,,,,,,,,,"",,,"",0,"","",,,,,"","","","",,,,,,0,,,,0,0,"",,0,,,1,0,1030000,480000,0,,,,"","",0,1,"","","","","",,,,,1,,,,"",0,2020/08/03 16:36:41,653067,2020/08/03 16:37:30,653067
1017028,13722,40829,10179115,653068,10179115,"テスト","３－２６","テスト","スリー",2,1970/01/01,0,"","564-0063","大阪府","吹田市江坂町","１丁目２３番地３８号","F&Mビル","スイタシエサカチョウ","１チョウメ２３バンチ３８ゴウ","エフアンドエムビル",1,"","","","","","","","","","masanori_taguchi@fandmnet.com",0000-00-00,0,"","","","","","","","","",,,,,"","","","",,0,"","","","","吹田","テスト","３－２６",0,0,0,"",,0,0,0,"",,0,1,,0,,2000000,1320000,0,,"",,"","",0,0,"","","","","",,,,,,0,,0,"",0,2020/08/03 16:37:59,653068,2020/08/03 16:38:18,653068
1017029,13722,40829,10179176,,10179115,"テスト","３－２６配偶者","テスト","スリー",1,1970/01/01,1,"","","","","","","","","",,,,,,,,,,"",,,,,,,,,,,,"",,,"",0,"","",,,,,"","","","",,,,,,0,,,,0,0,"",,0,,,1,0,1030000,480000,0,,,,"","",0,1,"","","","","",,,,,1,,,,"",0,2020/08/03 16:37:59,653068,2020/08/03 16:38:42,653068
1017030,13723,40829,10179116,653069,10179116,"テスト","３－２７","テスト","スリー",2,1970/01/01,0,"","564-0063","大阪府","吹田市江坂町","１丁目２３番地３８号","F&Mビル","スイタシエサカチョウ","１チョウメ２３バンチ３８ゴウ","エフアンドエムビル",1,"","","","","","","","","","masanori_taguchi@fandmnet.com",0000-00-00,0,"","","","","","","","","",,,,,"","","","",,0,"","","","","吹田","テスト","３－２７",0,0,0,"",,0,0,0,"",,0,1,,0,,2000000,1320000,0,,"",,"","",0,0,"","","","","",,,,,,0,,0,"",0,2020/08/03 16:39:16,653069,2020/08/03 16:39:35,653069
1017031,13723,40829,10179177,,10179116,"テスト","３－２７配偶者","テスト","スリー",1,1970/01/01,1,"","","","","","","","","",,,,,,,,,,"",,,,,,,,,,,,"",,,"",0,"","",,,,,"","","","",,,,,,0,,,,0,0,"",,0,,,1,0,1030000,480000,0,,,,"","",0,1,"","","","","",,,,,1,,,,"",0,2020/08/03 16:39:16,653069,2020/08/03 16:39:57,653069
1017032,13724,40829,10179117,653070,10179117,"テスト","３－２８","テスト","スリー",2,1970/01/01,0,"","564-0063","大阪府","吹田市江坂町","１丁目２３番地３８号","F&Mビル","スイタシエサカチョウ","１チョウメ２３バンチ３８ゴウ","エフアンドエムビル",1,"","","","","","","","","","masanori_taguchi@fandmnet.com",0000-00-00,0,"","","","","","","","","",,,,,"","","","",,0,"","","","","吹田","テスト","３－２８",0,0,0,"",,0,0,0,"",,0,1,,0,,2000000,1320000,0,,"",,"","",0,0,"","","","","",,,,,,0,,0,"",0,2020/08/03 16:40:31,653070,2020/08/03 16:40:48,653070
1017033,13724,40829,10179178,,10179117,"テスト","３－２８配偶者","テスト","スリー",1,1970/01/01,1,"","","","","","","","","",,,,,,,,,,"",,,,,,,,,,,,"",,,"",0,"","",,,,,"","","","",,,,,,0,,,,0,0,"",,0,,,1,0,1030000,480000,0,,,,"","",0,1,"","","","","",,,,,1,,,,"",0,2020/08/03 16:40:31,653070,2020/08/03 16:41:13,653070
1017034,13725,40829,10179118,653071,10179118,"テスト","３－２９","テスト","スリー",2,1970/01/01,0,"","564-0063","大阪府","吹田市江坂町","１丁目２３番地３８号","F&Mビル","スイタシエサカチョウ","１チョウメ２３バンチ３８ゴウ","エフアンドエムビル",1,"","","","","","","","","","masanori_taguchi@fandmnet.com",0000-00-00,0,"","","","","","","","","",,,,,"","","","",,0,"","","","","吹田","テスト","３－２９",0,0,0,"",,0,0,0,"",,0,1,,0,,2000000,1320000,0,,"",,"","",0,0,"","","","","",,,,,,0,,0,"",0,2020/08/03 16:41:44,653071,2020/08/03 16:42:03,653071
1017035,13725,40829,10179179,,10179118,"テスト","３－２９配偶者","テスト","スリー",1,1970/01/01,1,"","","","","","","","","",,,,,,,,,,"",,,,,,,,,,,,"",,,"",0,"","",,,,,"","","","",,,,,,0,,,,0,0,"",,0,,,1,0,1030000,480000,0,,,,"","",0,1,"","","","","",,,,,1,,,,"",0,2020/08/03 16:41:44,653071,2020/08/03 16:42:29,653071
1017036,13726,40829,10179119,653072,10179119,"テスト","３－３０","テスト","スリー",2,1970/01/01,0,"","564-0063","大阪府","吹田市江坂町","１丁目２３番地３８号","F&Mビル","スイタシエサカチョウ","１チョウメ２３バンチ３８ゴウ","エフアンドエムビル",1,"","","","","","","","","","masanori_taguchi@fandmnet.com",0000-00-00,0,"","","","","","","","","",,,,,"","","","",,0,"","","","","吹田","テスト","３－３０",0,0,0,"",,0,0,0,"",,0,1,,0,,2000000,1320000,0,,"",,"","",0,0,"","","","","",,,,,,0,,0,"",0,2020/08/03 16:43:06,653072,2020/08/03 16:43:27,653072
1017037,13726,40829,10179180,,10179119,"テスト","３－３０配偶者","テスト","スリー",1,1970/01/01,1,"","","","","","","","","",,,,,,,,,,"",,,,,,,,,,,,"",,,"",0,"","",,,,,"","","","",,,,,,0,,,,0,0,"",,0,,,1,0,1030000,480000,0,,,,"","",0,1,"","","","","",,,,,1,,,,"",0,2020/08/03 16:43:06,653072,2020/08/03 16:43:50,653072
1017038,13727,40829,10179120,653073,10179120,"テスト","４－１","テスト","フォー",2,1970/01/01,0,"","564-0063","大阪府","吹田市江坂町","１丁目２３番地３８号","F&Mビル","スイタシエサカチョウ","１チョウメ２３バンチ３８ゴウ","エフアンドエムビル",1,"","","","","","","","","","masanori_taguchi@fandmnet.com",0000-00-00,0,"","","","","","","","","",,,,,"","","","",,0,"","","","","吹田","テスト","４－１",0,0,0,"",,0,0,0,"",,0,1,,0,,2000000,1320000,0,,"",,"","",0,0,"","","","","",,,,,,0,,0,"",0,2020/08/03 16:44:22,653073,2020/08/03 16:44:41,653073
1017039,13727,40829,10179181,,10179120,"テスト","４－１配偶者","テスト","フォー",1,1970/01/01,1,"","","","","","","","","",,,,,,,,,,"",,,,,,,,,,,,"",,,"",0,"","",,,,,"","","","",,,,,,0,,,,0,0,"",,0,,,1,0,1030000,480000,0,,,,"","",0,1,"","","","","",1,1,0,1,1,1,,,"",0,2020/08/03 16:44:22,653073,2020/08/04 11:16:52,999202007
1017040,13728,40829,10179121,653074,10179121,"テスト","４－２","テスト","フォー",2,1970/01/01,0,"","564-0063","大阪府","吹田市江坂町","１丁目２３番地３８号","F&Mビル","スイタシエサカチョウ","１チョウメ２３バンチ３８ゴウ","エフアンドエムビル",1,"","","","","","","","","","masanori_taguchi@fandmnet.com",0000-00-00,0,"","","","","","","","","",,,,,"","","","",,0,"","","","","吹田","テスト","４－２",0,0,0,"",,0,0,0,"",,0,1,,0,,2000000,1320000,0,,"",,"","",0,0,"","","","","",,,,,,0,,0,"",0,2020/08/03 16:45:34,653074,2020/08/03 16:45:49,653074
1017041,13728,40829,10179182,,10179121,"テスト","４－２配偶者","テスト","フォー",1,1970/01/01,1,"","","","","","","","","",,,,,,,,,,"",,,,,,,,,,,,"",,,"",0,"","",,,,,"","","","",,,,,,0,,,,0,0,"",,0,,,1,0,1030000,480001,0,,,,"","",0,1,"","","","","",1,1,0,1,0,1,,,"",0,2020/08/03 16:45:34,653074,2020/08/04 11:16:52,999202007
1017042,13729,40829,10179122,653075,10179122,"テスト","４－３","テスト","フォー",2,1970/01/01,0,"","564-0063","大阪府","吹田市江坂町","１丁目２３番地３８号","F&Mビル","スイタシエサカチョウ","１チョウメ２３バンチ３８ゴウ","エフアンドエムビル",1,"","","","","","","","","","masanori_taguchi@fandmnet.com",0000-00-00,0,"","","","","","","","","",,,,,"","","","",,0,"","","","","吹田","テスト","４－３",0,0,0,"",,0,0,0,"",,0,1,,0,,2000000,1320000,0,,"",,"","",0,0,"","","","","",,,,,,0,,0,"",0,2020/08/03 16:46:39,653075,2020/08/03 16:46:56,653075
1017043,13729,40829,10179183,,10179122,"テスト","４－３配偶者","テスト","フォー",1,1970/01/01,1,"","","","","","","","","",,,,,,,,,,"",,,,,,,,,,,,"",,,"",0,"","",,,,,"","","","",,,,,,0,,,,0,0,"",,0,,,1,0,1030000,480000,0,,,,"","",0,1,"","","","","",0,1,0,1,0,1,,,"",0,2020/08/03 16:46:39,653075,2020/08/04 11:16:52,999202007
1017044,13730,40829,10179123,653076,10179123,"テスト","４－４","テスト","フォー",2,1970/01/01,0,"","564-0063","大阪府","吹田市江坂町","１丁目２３番地３８号","F&Mビル","スイタシエサカチョウ","１チョウメ２３バンチ３８ゴウ","エフアンドエムビル",1,"","","","","","","","","","masanori_taguchi@fandmnet.com",0000-00-00,0,"","","","","","","","","",,,,,"","","","",,0,"","","","","吹田","テスト","４－４",0,0,0,"",,0,0,0,"",,0,1,,0,,2000000,1320000,0,,"",,"","",0,0,"","","","","",,,,,,0,,0,"",0,2020/08/03 16:47:52,653076,2020/08/03 16:48:12,653076
1017045,13730,40829,10179184,,10179123,"テスト","４－４配偶者","テスト","フォー",1,1970/01/01,1,"","","","","","","","","",,,,,,,,,,"",,,,,,,,,,,,"",,,"",0,"","",,,,,"","","","",,,,,,0,,,,0,0,"",,0,,,1,0,1030000,480000,0,,,,"","",0,1,"","","","","",1,0,0,1,0,1,,,"",0,2020/08/03 16:47:52,653076,2020/08/04 11:16:52,999202007
1017046,13731,40829,10179124,653077,10179124,"テスト","４－５","テスト","フォー",2,1970/01/01,0,"","564-0063","大阪府","吹田市江坂町","１丁目２３番地３８号","F&Mビル","スイタシエサカチョウ","１チョウメ２３バンチ３８ゴウ","エフアンドエムビル",1,"","","","","","","","","","masanori_taguchi@fandmnet.com",0000-00-00,0,"","","","","","","","","",,,,,"","","","",,0,"","","","","吹田","テスト","４－５",0,0,0,"",,0,0,0,"",,0,1,,0,,2000000,1320000,0,,"",,"","",0,0,"","","","","",,,,,,0,,0,"",0,2020/08/03 16:49:10,653077,2020/08/03 16:49:29,653077
1017047,13731,40829,10179185,,10179124,"テスト","４－５配偶者","テスト","フォー",1,1970/01/01,1,"","","","","","","","","",,,,,,,,,,"",,,,,,,,,,,,"",,,"",0,"","",,,,,"","","","",,,,,,0,,,,0,0,"",,0,,,1,0,1030000,,0,,,,"","",0,1,"","","","","",1,1,0,1,,1,,,"",0,2020/08/03 16:49:10,653077,2020/08/04 11:16:52,999202007
1017048,13732,40829,10179125,653078,10179125,"テスト","４－６","テスト","フォー",2,1970/01/01,0,"","564-0063","大阪府","吹田市江坂町","１丁目２３番地３８号","F&Mビル","スイタシエサカチョウ","１チョウメ２３バンチ３８ゴウ","エフアンドエムビル",1,"","","","","","","","","","masanori_taguchi@fandmnet.com",0000-00-00,0,"","","","","","","","","",,,,,"","","","",,0,"","","","","吹田","テスト","４－６",0,0,0,"",,0,0,0,"",,0,1,,0,,2000000,1320000,0,,"",,"","",0,0,"","","","","",,,,,,0,,0,"",0,2020/08/03 16:50:32,653078,2020/08/03 16:50:51,653078
1017049,13732,40829,10179186,,10179125,"テスト","４－６配偶者","テスト","フォー",1,1970/01/01,1,"","","","","","","","","",,,,,,,,,,"",,,,,,,,,,,,"",,,"",0,"","",,,,,"","","","",,,,,,0,,,,0,0,"",,0,,,1,0,1030000,480000,0,,,,"","",0,1,"","","","","",,1,0,1,,1,,,"",0,2020/08/03 16:50:32,653078,2020/08/04 11:16:52,999202007
1017050,13733,40829,10179126,653079,10179126,"テスト","４－７","テスト","フォー",2,1970/01/01,0,"","564-0063","大阪府","吹田市江坂町","１丁目２３番地３８号","F&Mビル","スイタシエサカチョウ","１チョウメ２３バンチ３８ゴウ","エフアンドエムビル",1,"","","","","","","","","","masanori_taguchi@fandmnet.com",0000-00-00,0,"","","","","","","","","",,,,,"","","","",,0,"","","","","吹田","テスト","４－７",0,0,0,"",,0,0,0,"",,0,1,,0,,2000000,1320000,0,,"",,"","",0,0,"","","","","",,,,,,0,,0,"",0,2020/08/03 16:51:50,653079,2020/08/03 16:52:08,653079
1017051,13733,40829,10179187,,10179126,"テスト","４－７配偶者","テスト","フォー",1,1970/01/01,1,"","","","","","","","","",,,,,,,,,,"",,,,,,,,,,,,"",,,"",0,"","",,,,,"","","","",,,,,,0,,,,0,0,"",,0,,,1,0,1030000,480000,0,,,,"","",0,1,"","","","","",1,,0,1,,1,,,"",0,2020/08/03 16:51:50,653079,2020/08/04 11:16:52,999202007
1017052,13734,40829,10179127,653080,10179127,"テスト","４－８","テスト","フォー",1,1970/01/01,0,"","564-0063","大阪府","吹田市江坂町","１丁目２３番地３８号","F&Mビル","スイタシエサカチョウ","１チョウメ２３バンチ３８ゴウ","エフアンドエムビル",1,"","","","","","","","","","masanori_taguchi@fandmnet.com",0000-00-00,0,"","","","","","","","","",,,,,"","","","",,0,"","","","","吹田","テスト","４－８",0,0,0,"",,0,0,0,"",,0,1,,0,,2000000,1320000,0,,"",,"","",0,0,"","","","","",,,,,,0,,0,"",0,2020/08/03 16:52:56,653080,2020/08/03 16:53:13,653080
1017053,13734,40829,10179188,,10179127,"テスト","４－８配偶者","テスト","フォー",2,1970/01/01,2,"","","","","","","","","",,,,,,,,,,"",,,,,,,,,,,,"",,,"",0,"","",,,,,"","","","",,,,,,0,,,,0,0,"",,0,,,1,0,1030000,480000,0,,,,"","",0,1,"","","","","",1,1,0,1,1,1,,,"",0,2020/08/03 16:52:56,653080,2020/08/04 11:16:52,999202007
1017054,13735,40829,10179128,653081,10179128,"テスト","４－９","テスト","フォー",1,1970/01/01,0,"","564-0063","大阪府","吹田市江坂町","１丁目２３番地３８号","F&Mビル","スイタシエサカチョウ","１チョウメ２３バンチ３８ゴウ","エフアンドエムビル",1,"","","","","","","","","","masanori_taguchi@fandmnet.com",0000-00-00,0,"","","","","","","","","",,,,,"","","","",,0,"","","","","吹田","テスト","４－９",0,0,0,"",,0,0,0,"",,0,1,,0,,2000000,1320000,0,,"",,"","",0,0,"","","","","",,,,,,0,,0,"",0,2020/08/03 16:54:13,653081,2020/08/03 16:54:35,653081
1017055,13735,40829,10179189,,10179128,"テスト","４－９配偶者","テスト","フォー",2,1970/01/01,2,"","","","","","","","","",,,,,,,,,,"",,,,,,,,,,,,"",,,"",0,"","",,,,,"","","","",,,,,,0,,,,0,0,"",,0,,,1,0,1030000,480001,0,,,,"","",0,1,"","","","","",1,1,0,1,0,1,,,"",0,2020/08/03 16:54:13,653081,2020/08/04 11:16:52,999202007
1017056,13736,40829,10179129,653082,10179129,"テスト","４－１０","テスト","フォー",1,1970/01/01,0,"","564-0063","大阪府","吹田市江坂町","１丁目２３番地３８号","F&Mビル","スイタシエサカチョウ","１チョウメ２３バンチ３８ゴウ","エフアンドエムビル",1,"","","","","","","","","","masanori_taguchi@fandmnet.com",0000-00-00,0,"","","","","","","","","",,,,,"","","","",,0,"","","","","吹田","テスト","４－１０",0,0,0,"",,0,0,0,"",,0,1,,0,,2000000,1320000,0,,"",,"","",0,0,"","","","","",,,,,,0,,0,"",0,2020/08/03 16:55:29,653082,2020/08/03 16:55:45,653082
1017057,13736,40829,10179190,,10179129,"テスト","４－１０配偶者","テスト","フォー",2,1970/01/01,2,"","","","","","","","","",,,,,,,,,,"",,,,,,,,,,,,"",,,"",0,"","",,,,,"","","","",,,,,,0,,,,0,0,"",,0,,,1,0,1030000,480000,0,,,,"","",0,1,"","","","","",0,1,0,1,0,1,,,"",0,2020/08/03 16:55:29,653082,2020/08/04 11:16:52,999202007
1017058,13737,40829,10179130,653083,10179130,"テスト","４－１１","テスト","フォー",1,1970/01/01,0,"","564-0063","大阪府","吹田市江坂町","１丁目２３番地３８号","F&Mビル","スイタシエサカチョウ","１チョウメ２３バンチ３８ゴウ","エフアンドエムビル",1,"","","","","","","","","","masanori_taguchi@fandmnet.com",0000-00-00,0,"","","","","","","","","",,,,,"","","","",,0,"","","","","吹田","テスト","４－１１",0,0,0,"",,0,0,0,"",,0,1,,0,,2000000,1320000,0,,"",,"","",0,0,"","","","","",,,,,,0,,0,"",0,2020/08/03 16:56:45,653083,2020/08/03 16:57:00,653083
1017059,13737,40829,10179191,,10179130,"テスト","４－１１配偶者","テスト","フォー",2,1970/01/01,2,"","","","","","","","","",,,,,,,,,,"",,,,,,,,,,,,"",,,"",0,"","",,,,,"","","","",,,,,,0,,,,0,0,"",,0,,,1,0,1030000,480000,0,,,,"","",0,1,"","","","","",1,0,0,1,0,1,,,"",0,2020/08/03 16:56:45,653083,2020/08/04 11:16:52,999202007
1017060,13738,40829,10179131,653084,10179131,"テスト","４－１２","テスト","フォー",1,1970/01/01,0,"","564-0063","大阪府","吹田市江坂町","１丁目２３番地３８号","F&Mビル","スイタシエサカチョウ","１チョウメ２３バンチ３８ゴウ","エフアンドエムビル",1,"","","","","","","","","","masanori_taguchi@fandmnet.com",0000-00-00,0,"","","","","","","","","",,,,,"","","","",,0,"","","","","吹田","テスト","４－１２",0,0,0,"",,0,0,0,"",,0,1,,0,,2000000,1320000,0,,"",,"","",0,0,"","","","","",,,,,,0,,0,"test",0,2020/08/03 16:57:55,653084,2020/08/03 16:58:15,653084
1017061,13738,40829,10179192,,10179131,"テスト","４－１２配偶者","テスト","フォー",2,1970/01/01,2,"","","","","","","","","",,,,,,,,,,"",,,,,,,,,,,,"",,,"",0,"","",,,,,"","","","",,,,,,0,,,,0,0,"",,0,,,1,0,1030000,,0,,,,"","",0,1,"","","","","",1,1,0,1,,1,,,"test",0,2020/08/03 16:57:55,653084,2020/08/04 11:16:52,999202007
1017062,13739,40829,10179132,653085,10179132,"テスト","４－１３","テスト","フォー",1,1970/01/01,0,"","564-0063","大阪府","吹田市江坂町","１丁目２３番地３８号","F&Mビル","スイタシエサカチョウ","１チョウメ２３バンチ３８ゴウ","エフアンドエムビル",1,"","","","","","","","","","masanori_taguchi@fandmnet.com",0000-00-00,0,"","","","","","","","","",,,,,"","","","",,0,"","","","","吹田","テスト","４－１３",0,0,0,"",,0,0,0,"",,0,1,,0,,2000000,1320000,0,,"",,"","",0,0,"","","","","",,,,,,0,,0,"test",0,2020/08/03 16:59:05,653085,2020/08/03 16:59:20,653085
1017063,13739,40829,10179193,,10179132,"テスト","４－１３配偶者","テスト","フォー",2,1970/01/01,2,"","","","","","","","","",,,,,,,,,,"",,,,,,,,,,,,"",,,"",0,"","",,,,,"","","","",,,,,,0,,,,0,0,"",,0,,,1,0,1030000,480000,0,,,,"","",0,1,"","","","","",,1,0,1,,1,,,"test",0,2020/08/03 16:59:05,653085,2020/08/04 11:16:52,999202007
1017064,13740,40829,10179133,653086,10179133,"テスト","４－１４","テスト","フォー",1,1970/01/01,0,"","564-0063","大阪府","吹田市江坂町","１丁目２３番地３８号","F&Mビル","スイタシエサカチョウ","１チョウメ２３バンチ３８ゴウ","エフアンドエムビル",1,"","","","","","","","","","masanori_taguchi@fandmnet.com",0000-00-00,0,"","","","","","","","","",,,,,"","","","",,0,"","","","","吹田","テスト","４－１４",0,0,0,"",,0,0,0,"",,0,1,,0,,2000000,1320000,0,,"",,"","",0,0,"","","","","",,,,,,0,,0,"test",0,2020/08/03 17:00:11,653086,2020/08/03 17:00:26,653086
1017065,13740,40829,10179194,,10179133,"テスト","４－１４配偶者","テスト","フォー",2,1970/01/01,2,"","","","","","","","","",,,,,,,,,,"",,,,,,,,,,,,"",,,"",0,"","",,,,,"","","","",,,,,,0,,,,0,0,"",,0,,,1,0,1030000,480000,0,,,,"","",0,1,"","","","","",1,,0,1,,1,,,"test",0,2020/08/03 17:00:11,653086,2020/08/04 11:16:52,999202007
1017066,13741,40829,10179134,653087,10179134,"テスト","４－１５","テスト","フォー",2,1970/01/01,0,"","564-0063","大阪府","吹田市江坂町","１丁目２３番地３８号","F&Mビル","スイタシエサカチョウ","１チョウメ２３バンチ３８ゴウ","エフアンドエムビル",1,"","","","","","","","","","masanori_taguchi@fandmnet.com",0000-00-00,0,"","","","","","","","","",,,,,"","","","",,0,"","","","","吹田","テスト","４－１５",0,0,0,"",,0,0,0,"",,0,1,,0,,2000000,1320000,0,,"",,"","",0,0,"","","","","",,,,,,0,,0,"test",0,2020/08/03 17:02:09,653087,2020/08/03 17:02:24,653087
1017067,13741,40829,10179195,,10179134,"テスト","４－１５配偶者","テスト","フォー",1,1970/01/01,1,"","","","","","","","","",,,,,,,,,,"",,,,,,,,,,,,"",,,"",0,"","",,,,,"","","","",,,,,,0,,,,0,0,"",,0,,,1,0,1030000,480000,0,,,,"","",0,1,"","","","","",1,1,,,,,,,"test",0,2020/08/03 17:02:09,653087,2020/08/03 17:02:42,653087
1017068,13742,40829,10179135,653088,10179135,"テスト","４－１６","テスト","フォー",2,1970/01/01,0,"","564-0063","大阪府","吹田市江坂町","１丁目２３番地３８号","F&Mビル","スイタシエサカチョウ","１チョウメ２３バンチ３８ゴウ","エフアンドエムビル",1,"","","","","","","","","","masanori_taguchi@fandmnet.com",0000-00-00,0,"","","","","","","","","",,,,,"","","","",,0,"","","","","吹田","テスト","４－１６",0,0,0,"",,0,0,0,"",,0,1,,0,,2000000,1320000,0,,"",,"","",0,0,"","","","","",,,,,,0,,0,"test",0,2020/08/03 17:03:10,653088,2020/08/03 17:03:45,653088
1017069,13742,40829,10179196,,10179135,"テスト","４－１６配偶者","テスト","フォー",1,1970/01/01,1,"","","","","","","","","",,,,,,,,,,"",,,,,,,,,,,,"",,,"",0,"","",,,,,"","","","",,,,,,0,,,,0,0,"",,0,,,1,0,1030000,480000,0,,,,"","",0,1,"","","","","",1,1,,,,,,,"test",0,2020/08/03 17:03:10,653088,2020/08/03 17:04:10,653088
1017070,13743,40829,10179136,653089,10179136,"テスト","４－１７","テスト","フォー",2,1970/01/01,0,"","564-0063","大阪府","吹田市江坂町","１丁目２３番地３８号","F&Mビル","スイタシエサカチョウ","１チョウメ２３バンチ３８ゴウ","エフアンドエムビル",1,"","","","","","","","","","masanori_taguchi@fandmnet.com",0000-00-00,0,"","","","","","","","","",,,,,"","","","",,0,"","","","","吹田","テスト","４－１７",0,0,0,"",,0,0,0,"",,0,1,,0,,2000000,1320000,0,,"",,"","",0,0,"","","","","",,,,,,0,,0,"test",0,2020/08/03 17:04:40,653089,2020/08/03 17:05:03,653089
1017071,13743,40829,10179197,,10179136,"テスト","４－１７配偶者","テスト","フォー",1,1970/01/01,1,"","","","","","","","","",,,,,,,,,,"",,,,,,,,,,,,"",,,"",0,"","",,,,,"","","","",,,,,,0,,,,0,0,"",,0,,,1,0,1030000,480000,0,,,,"","",0,1,"","","","","",1,1,,,,,,,"test",0,2020/08/03 17:04:40,653089,2020/08/03 17:05:30,653089
1017072,13744,40829,10179137,653090,10179137,"テスト","４－１８","テスト","フォー",2,1970/01/01,0,"","564-0063","大阪府","吹田市江坂町","１丁目２３番地３８号","F&Mビル","スイタシエサカチョウ","１チョウメ２３バンチ３８ゴウ","エフアンドエムビル",1,"","","","","","","","","","masanori_taguchi@fandmnet.com",0000-00-00,0,"","","","","","","","","",,,,,"","","","",,0,"","","","","吹田","テスト","４－１８",0,0,0,"",,0,0,0,"",,0,1,,0,,2000000,1320000,0,,"",,"","",0,0,"","","","","",,,,,,0,,0,"test",0,2020/08/03 17:05:58,653090,2020/08/03 17:06:13,653090
1017073,13744,40829,10179198,,10179137,"テスト","４－１８配偶者","テスト","フォー",1,1970/01/01,1,"","","","","","","","","",,,,,,,,,,"",,,,,,,,,,,,"",,,"",0,"","",,,,,"","","","",,,,,,0,,,,0,0,"",,0,,,1,0,1030000,480000,0,,,,"","",0,1,"","","","","",1,1,,,,,,,"test",0,2020/08/03 17:05:58,653090,2020/08/03 17:06:39,653090
1017074,13745,40829,10179138,653091,10179138,"テスト","４－１９","テスト","フォー",2,1970/01/01,0,"","564-0063","大阪府","吹田市江坂町","１丁目２３番地３８号","F&Mビル","スイタシエサカチョウ","１チョウメ２３バンチ３８ゴウ","エフアンドエムビル",1,"","","","","","","","","","masanori_taguchi@fandmnet.com",0000-00-00,0,"","","","","","","","","",,,,,"","","","",,0,"","","","","吹田","テスト","４－１９",0,0,0,"",,0,0,0,"",,0,1,,0,,2000000,1320000,0,,"",,"","",0,0,"","","","","",,,,,,0,,0,"test",0,2020/08/03 17:07:05,653091,2020/08/03 17:07:24,653091
1017075,13745,40829,10179199,,10179138,"テスト","４－１９配偶者","テスト","フォー",1,1970/01/01,1,"","","","","","","","","",,,,,,,,,,"",,,,,,,,,,,,"",,,"",0,"","",,,,,"","","","",,,,,,0,,,,0,0,"",,0,,,1,0,1030000,480000,0,,,,"","",0,1,"","","","","",1,1,,,,,,,"test",0,2020/08/03 17:07:05,653091,2020/08/03 17:07:52,653091
